[0918/234357.554:INFO:CONSOLE:1] "%c CDN SW  background-color:darkgreen;color:white; Probe success: [object Object]", source: https://sf16-website-login.neutral.ttwstatic.com/obj/tiktok_web_login_static/arch/cdn_switch_worker/1.0.0.37/cdn-sw.js (1)
[0918/234400.035:INFO:CONSOLE:1] ".", source: https://sf16-website-login.neutral.ttwstatic.com/obj/tiktok_web_login_static/webmssdk/1.0.0.290/webmssdk.js (1)
[0918/234400.319:INFO:CONSOLE:2] "[DEPRECATED] Default export is deprecated. Instead use `import { create } from 'zustand'`.", source: https://sf16-website-login.neutral.ttwstatic.com/obj/tiktok_web_login_static/ies/creator-center-web/static/js/1792.d7c555a9.js (2)
[0918/234400.327:INFO:CONSOLE:2] "[DEPRECATED] Default export is deprecated. Instead use `import { create } from 'zustand'`.", source: https://sf16-website-login.neutral.ttwstatic.com/obj/tiktok_web_login_static/ies/creator-center-web/static/js/1792.d7c555a9.js (2)
[0918/234400.464:INFO:CONSOLE:2] "[DEPRECATED] Default export is deprecated. Instead use `import { create } from 'zustand'`.", source: https://sf16-website-login.neutral.ttwstatic.com/obj/tiktok_web_login_static/ies/creator-center-web/static/js/1792.d7c555a9.js (2)
[0918/234400.824:INFO:CONSOLE:2] "ttap_vmok_load @pgc-web/web-creation/entrance-prefetch [object Object] [object Object]", source: https://sf16-website-login.neutral.ttwstatic.com/obj/tiktok_web_login_static/ies/creator-center-web/static/js/1792.d7c555a9.js (2)
[0918/234400.906:INFO:CONSOLE:2] "Route path "/creator-center*" will be treated as if it were "/creator-center/*" because the `*` character must always follow a `/` in the pattern. To get rid of this warning, please change the route path to "/creator-center/*".", source: https://sf16-website-login.neutral.ttwstatic.com/obj/tiktok_web_login_static/ies/creator-center-web/static/js/lib-router.d19c0e90.js (2)
[0918/234400.960:INFO:CONSOLE:1] "%c CDN SW  background-color:darkgreen;color:white; Probe success: [object Object]", source: https://sf16-website-login.neutral.ttwstatic.com/obj/tiktok_web_login_static/arch/cdn_switch_worker/1.0.0.37/cdn-sw.js (1)
[0918/234401.096:INFO:CONSOLE:2] "Route path "/creator-center*" will be treated as if it were "/creator-center/*" because the `*` character must always follow a `/` in the pattern. To get rid of this warning, please change the route path to "/creator-center/*".", source: https://sf16-website-login.neutral.ttwstatic.com/obj/tiktok_web_login_static/ies/creator-center-web/static/js/lib-router.d19c0e90.js (2)
[0918/234401.106:INFO:CONSOLE:2] "Route path "/creator-center*" will be treated as if it were "/creator-center/*" because the `*` character must always follow a `/` in the pattern. To get rid of this warning, please change the route path to "/creator-center/*".", source: https://sf16-website-login.neutral.ttwstatic.com/obj/tiktok_web_login_static/ies/creator-center-web/static/js/lib-router.d19c0e90.js (2)
[0918/234401.116:INFO:CONSOLE:2] "Route path "/creator-center*" will be treated as if it were "/creator-center/*" because the `*` character must always follow a `/` in the pattern. To get rid of this warning, please change the route path to "/creator-center/*".", source: https://sf16-website-login.neutral.ttwstatic.com/obj/tiktok_web_login_static/ies/creator-center-web/static/js/lib-router.d19c0e90.js (2)
[0918/234401.156:INFO:CONSOLE:2] "Route path "/creator-center*" will be treated as if it were "/creator-center/*" because the `*` character must always follow a `/` in the pattern. To get rid of this warning, please change the route path to "/creator-center/*".", source: https://sf16-website-login.neutral.ttwstatic.com/obj/tiktok_web_login_static/ies/creator-center-web/static/js/lib-router.d19c0e90.js (2)
[0918/234401.169:INFO:CONSOLE:2] "Route path "/creator-center*" will be treated as if it were "/creator-center/*" because the `*` character must always follow a `/` in the pattern. To get rid of this warning, please change the route path to "/creator-center/*".", source: https://sf16-website-login.neutral.ttwstatic.com/obj/tiktok_web_login_static/ies/creator-center-web/static/js/lib-router.d19c0e90.js (2)
[0918/234401.299:INFO:CONSOLE:2] "Route path "/creator-center*" will be treated as if it were "/creator-center/*" because the `*` character must always follow a `/` in the pattern. To get rid of this warning, please change the route path to "/creator-center/*".", source: https://sf16-website-login.neutral.ttwstatic.com/obj/tiktok_web_login_static/ies/creator-center-web/static/js/lib-router.d19c0e90.js (2)
[0918/234401.346:INFO:CONSOLE:2] "Route path "/creator-center*" will be treated as if it were "/creator-center/*" because the `*` character must always follow a `/` in the pattern. To get rid of this warning, please change the route path to "/creator-center/*".", source: https://sf16-website-login.neutral.ttwstatic.com/obj/tiktok_web_login_static/ies/creator-center-web/static/js/lib-router.d19c0e90.js (2)
[0918/234401.547:INFO:CONSOLE:1] ".", source: https://sf16-website-login.neutral.ttwstatic.com/obj/tiktok_web_login_static/webmssdk/1.0.0.290/webmssdk.js (1)
[0918/234401.677:INFO:CONSOLE:2] "[DEPRECATED] Default export is deprecated. Instead use `import { create } from 'zustand'`.", source: https://sf16-website-login.neutral.ttwstatic.com/obj/tiktok_web_login_static/ies/creator-center-web/static/js/1792.d7c555a9.js (2)
[0918/234401.684:INFO:CONSOLE:2] "[DEPRECATED] Default export is deprecated. Instead use `import { create } from 'zustand'`.", source: https://sf16-website-login.neutral.ttwstatic.com/obj/tiktok_web_login_static/ies/creator-center-web/static/js/1792.d7c555a9.js (2)
[0918/234401.756:INFO:CONSOLE:2] "[DEPRECATED] Default export is deprecated. Instead use `import { create } from 'zustand'`.", source: https://sf16-website-login.neutral.ttwstatic.com/obj/tiktok_web_login_static/ies/creator-center-web/static/js/1792.d7c555a9.js (2)
[0918/234401.975:INFO:CONSOLE:2] "ttap_vmok_load @pgc-web/web-creation/entrance-prefetch [object Object] [object Object]", source: https://sf16-website-login.neutral.ttwstatic.com/obj/tiktok_web_login_static/ies/creator-center-web/static/js/1792.d7c555a9.js (2)
[0918/234402.655:INFO:CONSOLE:0] "Access to XMLHttpRequest at 'https://mon.tiktokv.com/monitor_browser/collect/batch/?biz_id=tiktok_creator_center' from origin 'https://www.tiktok.com' has been blocked by CORS policy: Response to preflight request doesn't pass access control check: No 'Access-Control-Allow-Origin' header is present on the requested resource.", source: https://www.tiktok.com/tiktokstudio/upload (0)
[0918/234402.742:INFO:CONSOLE:0] "Access to XMLHttpRequest at 'https://mon.tiktokv.com/monitor_browser/collect/batch/?biz_id=tiktok_creator_center' from origin 'https://www.tiktok.com' has been blocked by CORS policy: Response to preflight request doesn't pass access control check: No 'Access-Control-Allow-Origin' header is present on the requested resource.", source: https://www.tiktok.com/tiktokstudio/upload (0)
[0918/234402.764:INFO:CONSOLE:0] "Access to XMLHttpRequest at 'https://mon.tiktokv.com/monitor_browser/collect/batch/?biz_id=tiktok_creator_center' from origin 'https://www.tiktok.com' has been blocked by CORS policy: Response to preflight request doesn't pass access control check: No 'Access-Control-Allow-Origin' header is present on the requested resource.", source: https://www.tiktok.com/tiktokstudio/upload (0)
[0918/234402.764:INFO:CONSOLE:0] "Access to XMLHttpRequest at 'https://mon.tiktokv.com/monitor_browser/collect/batch/?biz_id=tiktok_creator_center' from origin 'https://www.tiktok.com' has been blocked by CORS policy: Response to preflight request doesn't pass access control check: No 'Access-Control-Allow-Origin' header is present on the requested resource.", source: https://www.tiktok.com/tiktokstudio/upload (0)
[0918/234403.295:INFO:CONSOLE:2] "ttap_vmok_load @pgc-web/web-creation/routes [object Object] [object Object]", source: https://sf16-website-login.neutral.ttwstatic.com/obj/tiktok_web_login_static/ies/creator-center-web/static/js/1792.d7c555a9.js (2)
[0918/234403.321:INFO:CONSOLE:1] "[useSWAPIResultSync] start listen: L2S_PROJECT_LIST", source: https://sf16-website-login.neutral.ttwstatic.com/obj/tiktok_web_login_static/ies/creator-center-web/static/js/main.5818c809.js (1)
[0918/234403.323:INFO:CONSOLE:1] "[useSWAPIResultSync] start listen: L2S_ICON_INFO", source: https://sf16-website-login.neutral.ttwstatic.com/obj/tiktok_web_login_static/ies/creator-center-web/static/js/main.5818c809.js (1)
[0918/234403.366:INFO:CONSOLE:1] "web upload is under Vmok mode", source: https://sf16-website-login.neutral.ttwstatic.com/obj/tiktok_web_login_static/ies/creator_center/static/js/async/1258.bd0036ec.js (1)
[0918/234403.391:INFO:CONSOLE:1] "[object Object]", source: https://sf16-website-login.neutral.ttwstatic.com/obj/tiktok_web_login_static/ies/creator_center/static/js/6416.e1a2f1ce.js (1)
[0918/234403.546:INFO:CONSOLE:2] "ttap_vmok_load @pgc-web/web-creation/routes [object Object] [object Object]", source: https://sf16-website-login.neutral.ttwstatic.com/obj/tiktok_web_login_static/ies/creator-center-web/static/js/1792.d7c555a9.js (2)
[0918/234403.551:INFO:CONSOLE:2] "ttap_vmok_load @pgc-web/web-creation/routes [object Object] [object Object]", source: https://sf16-website-login.neutral.ttwstatic.com/obj/tiktok_web_login_static/ies/creator_center/static/js/4954.fa0d3cb8.js (2)
[0918/234403.577:INFO:CONSOLE:2] "ttap_vmok_load @pgc-web/web-creation/routes [object Object] [object Object]", source: https://sf16-website-login.neutral.ttwstatic.com/obj/tiktok_web_login_static/ies/creator-center-web/static/js/1792.d7c555a9.js (2)
[0918/234403.589:INFO:CONSOLE:2] "ttap_vmok_load @pgc-web/web-creation/routes [object Object] [object Object]", source: https://sf16-website-login.neutral.ttwstatic.com/obj/tiktok_web_login_static/ies/creator-center-web/static/js/1792.d7c555a9.js (2)
[0918/234403.589:INFO:CONSOLE:2] "ttap_vmok_load @pgc-web/web-creation/routes [object Object] [object Object]", source: https://sf16-website-login.neutral.ttwstatic.com/obj/tiktok_web_login_static/ies/creator_center/static/js/4954.fa0d3cb8.js (2)
[0918/234403.618:INFO:CONSOLE:2] "config must be use after function init", source: https://sf16-website-login.neutral.ttwstatic.com/obj/tiktok_web_login_static/ies/creator_center/static/js/4954.fa0d3cb8.js (2)
[0918/234403.634:INFO:CONSOLE:2] "%c %s color: yellow; background-color: black; [instance: clip-forge-tea-collector] appid: 906553, userInfo:{"user_unique_id":"7686563446255289864","web_id":"7686563446255289864"}", source: https://sf16-website-login.neutral.ttwstatic.com/obj/tiktok_web_login_static/ies/creator_center/static/js/4954.fa0d3cb8.js (2)
[0918/234403.634:INFO:CONSOLE:2] "%c %s color: yellow; background-color: black; [instance: clip-forge-tea-collector] appid: 906553, sdk is ready, version is 5.3.14_oversea, you can report now !!!", source: https://sf16-website-login.neutral.ttwstatic.com/obj/tiktok_web_login_static/ies/creator_center/static/js/4954.fa0d3cb8.js (2)
[0918/234403.635:INFO:CONSOLE:2] "2026-09-18T20:44:03.634Z [EffectWebSDK] [INFO] Initializing EffectManager in WORKER mode with custom SDK worker URL", source: https://sf16-website-login.neutral.ttwstatic.com/obj/tiktok_web_login_static/ies/creator_center/static/js/4954.fa0d3cb8.js (2)
[0918/234403.635:INFO:CONSOLE:2] "[Trace-Debug] EffectManager.initialize called. process.env.NODE_ENV = production", source: https://sf16-website-login.neutral.ttwstatic.com/obj/tiktok_web_login_static/ies/creator_center/static/js/4954.fa0d3cb8.js (2)
[0918/234403.637:INFO:CONSOLE:2] "[Trace-Debug] Trace skipped because NODE_ENV is not 'development' (current: production)", source: https://sf16-website-login.neutral.ttwstatic.com/obj/tiktok_web_login_static/ies/creator_center/static/js/4954.fa0d3cb8.js (2)
[0918/234403.728:INFO:CONSOLE:2] "ttap_vmok_load @pgc-web/web-creation/routes [object Object] [object Object]", source: https://sf16-website-login.neutral.ttwstatic.com/obj/tiktok_web_login_static/ies/creator-center-web/static/js/1792.d7c555a9.js (2)
[0918/234403.728:INFO:CONSOLE:2] "ttap_vmok_load @pgc-web/web-creation/routes [object Object] [object Object]", source: https://sf16-website-login.neutral.ttwstatic.com/obj/tiktok_web_login_static/ies/creator_center/static/js/4954.fa0d3cb8.js (2)
[0918/234403.822:INFO:CONSOLE:0] "Access to XMLHttpRequest at 'https://mon.tiktokv.com/monitor_browser/collect/batch/?biz_id=tiktok_creator_center' from origin 'https://www.tiktok.com' has been blocked by CORS policy: Response to preflight request doesn't pass access control check: No 'Access-Control-Allow-Origin' header is present on the requested resource.", source: https://www.tiktok.com/tiktokstudio/upload (0)
[0918/234404.175:INFO:CONSOLE:0] "Access to XMLHttpRequest at 'https://mon-va.byteoversea.com/monitor_browser/collect/batch/?biz_id=webmssdk' from origin 'https://www.tiktok.com' has been blocked by CORS policy: Response to preflight request doesn't pass access control check: No 'Access-Control-Allow-Origin' header is present on the requested resource.", source: https://www.tiktok.com/tiktokstudio/upload (0)
[0918/234404.306:ERROR:content\public\browser\web_contents_delegate.cc:315] WebContentsDelegate::CheckMediaAccessPermission: Not supported.
[0918/234404.306:ERROR:content\public\browser\web_contents_delegate.cc:315] WebContentsDelegate::CheckMediaAccessPermission: Not supported.
[0918/234404.335:INFO:CONSOLE:1] "spooky", source: https://sf16-website-login.neutral.ttwstatic.com/obj/tiktok_web_login_static/ies/creator_center/static/js/async/3563.144c7f7d.js (1)
[0918/234404.339:INFO:CONSOLE:1] "[ZTI] ready to init ZTI SDK", source: https://sf16-website-login.neutral.ttwstatic.com/obj/tiktok_web_login_static/ies/creator_center/static/js/async/2676.26714c98.js (1)
[0918/234404.344:INFO:CONSOLE:1] "load long to short clip data undefined", source: https://sf16-website-login.neutral.ttwstatic.com/obj/tiktok_web_login_static/ies/creator_center/static/js/async/3563.144c7f7d.js (1)
[0918/234404.378:INFO:CONSOLE:1] "[Worker] Initializing...", source: https://www.tiktok.com/creator/worker/clip-forge-effect-sdk-worker.41e08505.js?web_creation_version=online (1)
[0918/234404.378:INFO:CONSOLE:1] "[Worker] EffectManagerImpl initializing with options: [object Object]", source: https://www.tiktok.com/creator/worker/clip-forge-effect-sdk-worker.41e08505.js?web_creation_version=online (1)
[0918/234404.379:INFO:CONSOLE:0] "Access to XMLHttpRequest at 'https://mon.tiktokv.com/monitor_browser/collect/batch/?biz_id=tiktok_creator_center' from origin 'https://www.tiktok.com' has been blocked by CORS policy: Response to preflight request doesn't pass access control check: No 'Access-Control-Allow-Origin' header is present on the requested resource.", source: https://www.tiktok.com/tiktokstudio/upload (0)
[0918/234404.391:INFO:CONSOLE:1] "[enableDescriptionReform] [object Object]", source: https://sf16-website-login.neutral.ttwstatic.com/obj/tiktok_web_login_static/ies/creator_center/static/js/async/6502.6f32d9e5.js (1)
[0918/234404.399:INFO:CONSOLE:1] "[enableLongToShort] [object Object]", source: https://sf16-website-login.neutral.ttwstatic.com/obj/tiktok_web_login_static/ies/creator_center/static/js/async/6502.6f32d9e5.js (1)
[0918/234404.407:INFO:CONSOLE:1] "[enableDescriptionReform] [object Object]", source: https://sf16-website-login.neutral.ttwstatic.com/obj/tiktok_web_login_static/ies/creator_center/static/js/async/6502.6f32d9e5.js (1)
[0918/234404.407:INFO:CONSOLE:1] "[enableLongToShort] [object Object]", source: https://sf16-website-login.neutral.ttwstatic.com/obj/tiktok_web_login_static/ies/creator_center/static/js/async/6502.6f32d9e5.js (1)
[0918/234404.420:INFO:CONSOLE:1] "[enableDescriptionReform] [object Object]", source: https://sf16-website-login.neutral.ttwstatic.com/obj/tiktok_web_login_static/ies/creator_center/static/js/async/6502.6f32d9e5.js (1)
[0918/234404.420:INFO:CONSOLE:1] "[enableLongToShort] [object Object]", source: https://sf16-website-login.neutral.ttwstatic.com/obj/tiktok_web_login_static/ies/creator_center/static/js/async/6502.6f32d9e5.js (1)
[0918/234404.439:INFO:CONSOLE:1] "[enableDescriptionReform] [object Object]", source: https://sf16-website-login.neutral.ttwstatic.com/obj/tiktok_web_login_static/ies/creator_center/static/js/async/6502.6f32d9e5.js (1)
[0918/234404.439:INFO:CONSOLE:1] "[enableLongToShort] [object Object]", source: https://sf16-website-login.neutral.ttwstatic.com/obj/tiktok_web_login_static/ies/creator_center/static/js/async/6502.6f32d9e5.js (1)
[0918/234404.456:INFO:CONSOLE:1] "[enableDescriptionReform] [object Object]", source: https://sf16-website-login.neutral.ttwstatic.com/obj/tiktok_web_login_static/ies/creator_center/static/js/async/6502.6f32d9e5.js (1)
[0918/234404.456:INFO:CONSOLE:1] "[enableLongToShort] [object Object]", source: https://sf16-website-login.neutral.ttwstatic.com/obj/tiktok_web_login_static/ies/creator_center/static/js/async/6502.6f32d9e5.js (1)
[0918/234404.549:INFO:CONSOLE:1] "[enableDescriptionReform] [object Object]", source: https://sf16-website-login.neutral.ttwstatic.com/obj/tiktok_web_login_static/ies/creator_center/static/js/async/6502.6f32d9e5.js (1)
[0918/234404.549:INFO:CONSOLE:1] "[enableLongToShort] [object Object]", source: https://sf16-website-login.neutral.ttwstatic.com/obj/tiktok_web_login_static/ies/creator_center/static/js/async/6502.6f32d9e5.js (1)
[0918/234404.577:INFO:CONSOLE:1] "[enableDescriptionReform] [object Object]", source: https://sf16-website-login.neutral.ttwstatic.com/obj/tiktok_web_login_static/ies/creator_center/static/js/async/6502.6f32d9e5.js (1)
[0918/234404.577:INFO:CONSOLE:1] "[enableLongToShort] [object Object]", source: https://sf16-website-login.neutral.ttwstatic.com/obj/tiktok_web_login_static/ies/creator_center/static/js/async/6502.6f32d9e5.js (1)
[0918/234404.597:INFO:CONSOLE:1] "[enableDescriptionReform] [object Object]", source: https://sf16-website-login.neutral.ttwstatic.com/obj/tiktok_web_login_static/ies/creator_center/static/js/async/6502.6f32d9e5.js (1)
[0918/234404.597:INFO:CONSOLE:1] "[enableLongToShort] [object Object]", source: https://sf16-website-login.neutral.ttwstatic.com/obj/tiktok_web_login_static/ies/creator_center/static/js/async/6502.6f32d9e5.js (1)
[0918/234404.618:INFO:CONSOLE:2] "filter merge event: sibyl_sdk_collector_init_result error, pls check Converting circular structure to JSON
    --> starting at object with constructor 'e'
    |     property 'pluginInstances' -> object with constructor 'Array'
    |     index 0 -> object with constructor 'e'
    --- property 'collect' closes the circle", source: https://sf16-website-login.neutral.ttwstatic.com/obj/tiktok_web_login_static/ies/creator_center/static/js/4954.fa0d3cb8.js (2)
[0918/234404.691:INFO:CONSOLE:0] "Access to XMLHttpRequest at 'https://mon.tiktokv.com/monitor_browser/collect/batch/?biz_id=tiktok_creator_center' from origin 'https://www.tiktok.com' has been blocked by CORS policy: Response to preflight request doesn't pass access control check: No 'Access-Control-Allow-Origin' header is present on the requested resource.", source: https://www.tiktok.com/tiktokstudio/upload (0)
[0918/234404.707:INFO:CONSOLE:1] "[enableDescriptionReform] [object Object]", source: https://sf16-website-login.neutral.ttwstatic.com/obj/tiktok_web_login_static/ies/creator_center/static/js/async/6502.6f32d9e5.js (1)
[0918/234404.707:INFO:CONSOLE:1] "[enableLongToShort] [object Object]", source: https://sf16-website-login.neutral.ttwstatic.com/obj/tiktok_web_login_static/ies/creator_center/static/js/async/6502.6f32d9e5.js (1)
[0918/234404.732:INFO:CONSOLE:1] "[enableDescriptionReform] [object Object]", source: https://sf16-website-login.neutral.ttwstatic.com/obj/tiktok_web_login_static/ies/creator_center/static/js/async/6502.6f32d9e5.js (1)
[0918/234404.734:INFO:CONSOLE:1] "[enableLongToShort] [object Object]", source: https://sf16-website-login.neutral.ttwstatic.com/obj/tiktok_web_login_static/ies/creator_center/static/js/async/6502.6f32d9e5.js (1)
[0918/234404.754:INFO:CONSOLE:1] "[enableDescriptionReform] [object Object]", source: https://sf16-website-login.neutral.ttwstatic.com/obj/tiktok_web_login_static/ies/creator_center/static/js/async/6502.6f32d9e5.js (1)
[0918/234404.755:INFO:CONSOLE:1] "[enableLongToShort] [object Object]", source: https://sf16-website-login.neutral.ttwstatic.com/obj/tiktok_web_login_static/ies/creator_center/static/js/async/6502.6f32d9e5.js (1)
[0918/234404.801:INFO:CONSOLE:2] "ttap_vmok_load @pgc-web/web-creation/routes [object Object] [object Object]", source: https://sf16-website-login.neutral.ttwstatic.com/obj/tiktok_web_login_static/ies/creator-center-web/static/js/1792.d7c555a9.js (2)
[0918/234404.801:INFO:CONSOLE:2] "ttap_vmok_load @pgc-web/web-creation/routes [object Object] [object Object]", source: https://sf16-website-login.neutral.ttwstatic.com/obj/tiktok_web_login_static/ies/creator_center/static/js/4954.fa0d3cb8.js (2)
[0918/234404.880:INFO:CONSOLE:0] "The resource https://sf16-website-login.neutral.ttwstatic.com/obj/tiktok_web_login_static/ies/creator_center/static/js/async/Upload.925a07c2.js was preloaded using link preload but not used within a few seconds from the window's load event. Please make sure it has an appropriate `as` value and it is preloaded intentionally.", source: https://www.tiktok.com/tiktokstudio/upload (0)
[0918/234404.880:INFO:CONSOLE:0] "The resource https://sf16-website-login.neutral.ttwstatic.com/obj/tiktok_web_login_static/ies/creator_center/static/js/9826.c822c06c.js was preloaded using link preload but not used within a few seconds from the window's load event. Please make sure it has an appropriate `as` value and it is preloaded intentionally.", source: https://www.tiktok.com/tiktokstudio/upload (0)
[0918/234404.977:INFO:CONSOLE:1] "startSelectRoute", source: https://sf16-website-login.neutral.ttwstatic.com/obj/tiktok_web_login_static/ies/creator_center/static/js/async/7996.06a5c950.js (1)
[0918/234405.016:INFO:CONSOLE:0] "Access to XMLHttpRequest at 'https://mon.tiktokv.com/monitor_browser/collect/batch/?biz_id=tiktok_creator_center' from origin 'https://www.tiktok.com' has been blocked by CORS policy: Response to preflight request doesn't pass access control check: No 'Access-Control-Allow-Origin' header is present on the requested resource.", source: https://www.tiktok.com/tiktokstudio/upload (0)
[0918/234405.016:INFO:CONSOLE:1] "sdk uid exp hit", source: https://sf16-website-login.neutral.ttwstatic.com/obj/tiktok_web_login_static/ies/creator_center/static/js/async/3563.144c7f7d.js (1)
[0918/234405.019:INFO:CONSOLE:1] "[ZTI] enableZTI: true", source: https://sf16-website-login.neutral.ttwstatic.com/obj/tiktok_web_login_static/ies/creator_center/static/js/async/2676.26714c98.js (1)
[0918/234405.038:INFO:CONSOLE:1] "[ZTI]: sg", source: https://sf16-website-login.neutral.ttwstatic.com/obj/tiktok_web_login_static/ies/creator_center/static/js/async/2676.26714c98.js (1)
[0918/234405.313:INFO:CONSOLE:0] "Access to XMLHttpRequest at 'https://mon.tiktokv.com/monitor_browser/collect/batch/?biz_id=tiktok_creator' from origin 'https://www.tiktok.com' has been blocked by CORS policy: Response to preflight request doesn't pass access control check: No 'Access-Control-Allow-Origin' header is present on the requested resource.", source: https://www.tiktok.com/tiktokstudio/upload (0)
[0918/234405.313:INFO:CONSOLE:0] "Access to XMLHttpRequest at 'https://mon.tiktokv.com/monitor_browser/collect/batch/?biz_id=tiktok_creator' from origin 'https://www.tiktok.com' has been blocked by CORS policy: Response to preflight request doesn't pass access control check: No 'Access-Control-Allow-Origin' header is present on the requested resource.", source: https://www.tiktok.com/tiktokstudio/upload (0)
[0918/234405.313:INFO:CONSOLE:0] "Access to XMLHttpRequest at 'https://mon.tiktokv.com/monitor_browser/collect/batch/?biz_id=tiktok_creator' from origin 'https://www.tiktok.com' has been blocked by CORS policy: Response to preflight request doesn't pass access control check: No 'Access-Control-Allow-Origin' header is present on the requested resource.", source: https://www.tiktok.com/tiktokstudio/upload (0)
[0918/234405.313:INFO:CONSOLE:0] "Access to XMLHttpRequest at 'https://mon.tiktokv.com/monitor_browser/collect/batch/?biz_id=tiktok_creator' from origin 'https://www.tiktok.com' has been blocked by CORS policy: Response to preflight request doesn't pass access control check: No 'Access-Control-Allow-Origin' header is present on the requested resource.", source: https://www.tiktok.com/tiktokstudio/upload (0)
[0918/234405.313:INFO:CONSOLE:0] "Access to XMLHttpRequest at 'https://mon.tiktokv.com/monitor_browser/collect/batch/?biz_id=tiktok_creator' from origin 'https://www.tiktok.com' has been blocked by CORS policy: Response to preflight request doesn't pass access control check: No 'Access-Control-Allow-Origin' header is present on the requested resource.", source: https://www.tiktok.com/tiktokstudio/upload (0)
[0918/234405.313:INFO:CONSOLE:0] "Access to XMLHttpRequest at 'https://mon.tiktokv.com/monitor_browser/collect/batch/?biz_id=tiktok_creator' from origin 'https://www.tiktok.com' has been blocked by CORS policy: Response to preflight request doesn't pass access control check: No 'Access-Control-Allow-Origin' header is present on the requested resource.", source: https://www.tiktok.com/tiktokstudio/upload (0)
[0918/234405.391:INFO:CONSOLE:0] "Access to XMLHttpRequest at 'https://mon.tiktokv.com/monitor_browser/collect/batch/?biz_id=tiktok_creator' from origin 'https://www.tiktok.com' has been blocked by CORS policy: Response to preflight request doesn't pass access control check: No 'Access-Control-Allow-Origin' header is present on the requested resource.", source: https://www.tiktok.com/tiktokstudio/upload (0)
[0918/234405.395:INFO:CONSOLE:0] "Access to XMLHttpRequest at 'https://mon.tiktokv.com/monitor_browser/collect/batch/?biz_id=tiktok_creator' from origin 'https://www.tiktok.com' has been blocked by CORS policy: Response to preflight request doesn't pass access control check: No 'Access-Control-Allow-Origin' header is present on the requested resource.", source: https://www.tiktok.com/tiktokstudio/upload (0)
[0918/234405.396:INFO:CONSOLE:0] "Access to XMLHttpRequest at 'https://mon.tiktokv.com/monitor_browser/collect/batch/?biz_id=tiktok_creator' from origin 'https://www.tiktok.com' has been blocked by CORS policy: Response to preflight request doesn't pass access control check: No 'Access-Control-Allow-Origin' header is present on the requested resource.", source: https://www.tiktok.com/tiktokstudio/upload (0)
[0918/234405.467:INFO:CONSOLE:0] "Access to XMLHttpRequest at 'https://mon.tiktokv.com/monitor_browser/collect/batch/?biz_id=pns_cookie_banner_slardar' from origin 'https://www.tiktok.com' has been blocked by CORS policy: Response to preflight request doesn't pass access control check: No 'Access-Control-Allow-Origin' header is present on the requested resource.", source: https://www.tiktok.com/tiktokstudio/upload (0)
[0918/234405.506:INFO:CONSOLE:1] "mobilecv2: 1.8.27", source: https://sf16-website-login.neutral.ttwstatic.com/obj/tiktok_web_login_static/ies/creator_center/worker/effect_c.00da84ca.js (1)
[0918/234405.510:INFO:CONSOLE:1] "V   bytenn espresso version: 3.10.30
", source: https://sf16-website-login.neutral.ttwstatic.com/obj/tiktok_web_login_static/ies/creator_center/worker/effect_c.00da84ca.js (1)
[0918/234405.511:INFO:CONSOLE:1] "[Worker] Initialization success", source: https://www.tiktok.com/creator/worker/clip-forge-effect-sdk-worker.41e08505.js?web_creation_version=online (1)
[0918/234406.262:INFO:CONSOLE:0] "Access to XMLHttpRequest at 'https://mon.tiktokv.com/monitor_browser/collect/batch/' from origin 'https://www.tiktok.com' has been blocked by CORS policy: Response to preflight request doesn't pass access control check: No 'Access-Control-Allow-Origin' header is present on the requested resource.", source: https://www.tiktok.com/tiktokstudio/upload (0)
[0918/234406.262:INFO:CONSOLE:2] "Uncaught (in promise) TypeError: Network request failed, status: 0", source: https://sf16-website-login.neutral.ttwstatic.com/obj/tiktok_web_login_static/ies/creator_center/static/js/4954.fa0d3cb8.js (2)
[0918/234406.633:INFO:CONSOLE:0] "Access to XMLHttpRequest at 'https://mon.tiktokv.com/monitor_browser/collect/batch/?biz_id=tiktok_creator' from origin 'https://www.tiktok.com' has been blocked by CORS policy: Response to preflight request doesn't pass access control check: No 'Access-Control-Allow-Origin' header is present on the requested resource.", source: https://www.tiktok.com/tiktokstudio/upload (0)
[0918/234407.556:INFO:CONSOLE:0] "Access to XMLHttpRequest at 'https://mon.tiktokv.com/monitor_browser/collect/batch/?biz_id=tiktok_creator_center' from origin 'https://www.tiktok.com' has been blocked by CORS policy: Response to preflight request doesn't pass access control check: No 'Access-Control-Allow-Origin' header is present on the requested resource.", source: https://www.tiktok.com/tiktokstudio/upload (0)
[0918/234408.468:INFO:CONSOLE:0] "Access to fetch at 'https://mon.tiktokv.com/monitor_browser/collect/batch/?bid=tiktok_pns_web_runtime' from origin 'https://www.tiktok.com' has been blocked by CORS policy: Response to preflight request doesn't pass access control check: No 'Access-Control-Allow-Origin' header is present on the requested resource.", source: https://www.tiktok.com/tiktokstudio/upload (0)
[0918/234408.681:INFO:CONSOLE:1] "[ZTI] ready to init ZTI SDK", source: https://sf16-website-login.neutral.ttwstatic.com/obj/tiktok_web_login_static/ies/creator_center/static/js/async/2676.26714c98.js (1)
[0918/234408.681:INFO:CONSOLE:1] "[ZTI] enableZTI: true", source: https://sf16-website-login.neutral.ttwstatic.com/obj/tiktok_web_login_static/ies/creator_center/static/js/async/2676.26714c98.js (1)
[0918/234408.689:INFO:CONSOLE:1] "[ZTI]: sg", source: https://sf16-website-login.neutral.ttwstatic.com/obj/tiktok_web_login_static/ies/creator_center/static/js/async/2676.26714c98.js (1)
[0918/234409.362:INFO:CONSOLE:1] ".", source: https://sf16-website-login.neutral.ttwstatic.com/obj/tiktok_web_login_static/webmssdk/1.0.0.290/webmssdk.js (1)
[0918/234409.595:INFO:CONSOLE:0] "Access to XMLHttpRequest at 'https://mon.tiktokv.com/monitor_browser/collect/batch/?biz_id=tiktok_creator_center' from origin 'https://www.tiktok.com' has been blocked by CORS policy: Response to preflight request doesn't pass access control check: No 'Access-Control-Allow-Origin' header is present on the requested resource.", source: https://www.tiktok.com/tiktokstudio/upload (0)
[0918/234409.595:INFO:CONSOLE:0] "Access to XMLHttpRequest at 'https://mon.tiktokv.com/monitor_browser/collect/batch/?biz_id=tiktok_creator' from origin 'https://www.tiktok.com' has been blocked by CORS policy: Response to preflight request doesn't pass access control check: No 'Access-Control-Allow-Origin' header is present on the requested resource.", source: https://www.tiktok.com/tiktokstudio/upload (0)
[0918/234409.595:INFO:CONSOLE:0] "Access to XMLHttpRequest at 'https://mon.tiktokv.com/monitor_browser/collect/batch/?biz_id=tiktok_creator_center' from origin 'https://www.tiktok.com' has been blocked by CORS policy: Response to preflight request doesn't pass access control check: No 'Access-Control-Allow-Origin' header is present on the requested resource.", source: https://www.tiktok.com/tiktokstudio/upload (0)
[0918/234409.646:INFO:CONSOLE:0] "Access to XMLHttpRequest at 'https://mon.tiktokv.com/monitor_browser/collect/batch/?biz_id=tiktok_creator_center' from origin 'https://www.tiktok.com' has been blocked by CORS policy: Response to preflight request doesn't pass access control check: No 'Access-Control-Allow-Origin' header is present on the requested resource.", source: https://www.tiktok.com/tiktokstudio/upload (0)
[0918/234409.648:INFO:CONSOLE:0] "Access to XMLHttpRequest at 'https://mon.tiktokv.com/monitor_browser/collect/batch/?biz_id=tiktok_creator' from origin 'https://www.tiktok.com' has been blocked by CORS policy: Response to preflight request doesn't pass access control check: No 'Access-Control-Allow-Origin' header is present on the requested resource.", source: https://www.tiktok.com/tiktokstudio/upload (0)
[0918/234409.682:INFO:CONSOLE:1] "Error", source: https://sf16-website-login.neutral.ttwstatic.com/obj/tiktok_web_login_static/ttweb_webmssdk_ex/1.0.0.2867/webmssdk_ex.js (1)
[0918/234409.792:INFO:CONSOLE:0] "Access to XMLHttpRequest at 'https://mon.tiktokv.com/monitor_browser/collect/batch/?biz_id=tiktok_creator' from origin 'https://www.tiktok.com' has been blocked by CORS policy: Response to preflight request doesn't pass access control check: No 'Access-Control-Allow-Origin' header is present on the requested resource.", source: https://www.tiktok.com/tiktokstudio/upload (0)
[0918/234409.893:INFO:CONSOLE:0] "Access to XMLHttpRequest at 'https://mon.tiktokv.com/monitor_browser/collect/batch/?biz_id=ucenter_tiktok_zti_sdk' from origin 'https://www.tiktok.com' has been blocked by CORS policy: Response to preflight request doesn't pass access control check: No 'Access-Control-Allow-Origin' header is present on the requested resource.", source: https://www.tiktok.com/tiktokstudio/upload (0)
[0918/234410.491:INFO:CONSOLE:0] "Access to XMLHttpRequest at 'https://mon.tiktokv.com/monitor_browser/collect/batch/?biz_id=tiktok_creator' from origin 'https://www.tiktok.com' has been blocked by CORS policy: Response to preflight request doesn't pass access control check: No 'Access-Control-Allow-Origin' header is present on the requested resource.", source: https://www.tiktok.com/tiktokstudio/upload (0)
[0918/234410.760:INFO:CONSOLE:0] "Access to XMLHttpRequest at 'https://mon.tiktokv.com/monitor_browser/collect/batch/?biz_id=pns_cookie_banner_slardar' from origin 'https://www.tiktok.com' has been blocked by CORS policy: Response to preflight request doesn't pass access control check: No 'Access-Control-Allow-Origin' header is present on the requested resource.", source: https://www.tiktok.com/tiktokstudio/upload (0)
[0918/234410.760:INFO:CONSOLE:0] "Access to XMLHttpRequest at 'https://mon.tiktokv.com/monitor_browser/collect/batch/?biz_id=pns_consent_system' from origin 'https://www.tiktok.com' has been blocked by CORS policy: Response to preflight request doesn't pass access control check: No 'Access-Control-Allow-Origin' header is present on the requested resource.", source: https://www.tiktok.com/tiktokstudio/upload (0)
[0918/234411.703:INFO:CONSOLE:0] "Access to XMLHttpRequest at 'https://mon.tiktokv.com/monitor_browser/collect/batch/?biz_id=tiktok_creator' from origin 'https://www.tiktok.com' has been blocked by CORS policy: Response to preflight request doesn't pass access control check: No 'Access-Control-Allow-Origin' header is present on the requested resource.", source: https://www.tiktok.com/tiktokstudio/upload (0)
[0918/234411.703:INFO:CONSOLE:0] "Access to XMLHttpRequest at 'https://mon.tiktokv.com/monitor_browser/collect/batch/?biz_id=tiktok_creator_center' from origin 'https://www.tiktok.com' has been blocked by CORS policy: Response to preflight request doesn't pass access control check: No 'Access-Control-Allow-Origin' header is present on the requested resource.", source: https://www.tiktok.com/tiktokstudio/upload (0)
[0918/234411.712:INFO:CONSOLE:1] "[IMPORTANT NOTICE] There are more than 2 WEBMSSDKs integrated in this page, please check the issue carefully!! ", source: https://sf16-website-login.neutral.ttwstatic.com/obj/tiktok_web_login_static/ttweb_webmssdk_ex/1.0.0.2867/webmssdk_ex.js (1)
[0918/234411.833:INFO:CONSOLE:0] "No available adapters.", source: https://www.tiktok.com/tiktokstudio/upload (0)
[0918/234412.388:INFO:CONSOLE:0] "Access to XMLHttpRequest at 'https://mon-va.byteoversea.com/monitor_browser/collect/batch/?biz_id=clip_forge' from origin 'https://www.tiktok.com' has been blocked by CORS policy: Response to preflight request doesn't pass access control check: No 'Access-Control-Allow-Origin' header is present on the requested resource.", source: https://www.tiktok.com/tiktokstudio/upload (0)
[0918/234413.028:INFO:CONSOLE:0] "Access to XMLHttpRequest at 'https://mon.tiktokv.com/monitor_browser/collect/batch/?biz_id=webmssdk' from origin 'https://www.tiktok.com' has been blocked by CORS policy: Response to preflight request doesn't pass access control check: No 'Access-Control-Allow-Origin' header is present on the requested resource.", source: https://www.tiktok.com/tiktokstudio/upload (0)
[0918/234414.296:INFO:CONSOLE:0] "Access to fetch at 'https://mon.tiktokv.com/monitor_browser/collect/batch/?bid=tiktok_pns_web_runtime' from origin 'https://www.tiktok.com' has been blocked by CORS policy: Response to preflight request doesn't pass access control check: No 'Access-Control-Allow-Origin' header is present on the requested resource.", source: https://www.tiktok.com/tiktokstudio/upload (0)
[0918/234414.306:INFO:CONSOLE:0] "Access to XMLHttpRequest at 'https://mon.tiktokv.com/monitor_browser/collect/batch/?biz_id=tiktok_creator_center' from origin 'https://www.tiktok.com' has been blocked by CORS policy: Response to preflight request doesn't pass access control check: No 'Access-Control-Allow-Origin' header is present on the requested resource.", source: https://www.tiktok.com/tiktokstudio/upload (0)
[0918/234414.315:INFO:CONSOLE:0] "Access to XMLHttpRequest at 'https://mon.tiktokv.com/monitor_browser/collect/batch/?biz_id=tiktok_creator' from origin 'https://www.tiktok.com' has been blocked by CORS policy: Response to preflight request doesn't pass access control check: No 'Access-Control-Allow-Origin' header is present on the requested resource.", source: https://www.tiktok.com/tiktokstudio/upload (0)
[0918/234415.331:INFO:CONSOLE:1] "completeSelectRoute:  [object Object]", source: https://sf16-website-login.neutral.ttwstatic.com/obj/tiktok_web_login_static/ies/creator_center/static/js/async/7996.06a5c950.js (1)
[0918/234417.690:INFO:CONSOLE:0] "Access to fetch at 'https://mon.tiktokv.com/monitor_browser/collect/batch/?bid=tiktok_pns_web_runtime' from origin 'https://www.tiktok.com' has been blocked by CORS policy: Response to preflight request doesn't pass access control check: No 'Access-Control-Allow-Origin' header is present on the requested resource.", source: https://www.tiktok.com/tiktokstudio/upload (0)
[0918/234418.177:INFO:CONSOLE:0] "Access to XMLHttpRequest at 'https://mon.tiktokv.com/monitor_browser/collect/batch/?biz_id=tiktok_creator' from origin 'https://www.tiktok.com' has been blocked by CORS policy: Response to preflight request doesn't pass access control check: No 'Access-Control-Allow-Origin' header is present on the requested resource.", source: https://www.tiktok.com/tiktokstudio/upload (0)
[0918/234418.183:INFO:CONSOLE:0] "Access to XMLHttpRequest at 'https://mon.tiktokv.com/monitor_browser/collect/batch/?biz_id=tiktok_creator_center' from origin 'https://www.tiktok.com' has been blocked by CORS policy: Response to preflight request doesn't pass access control check: No 'Access-Control-Allow-Origin' header is present on the requested resource.", source: https://www.tiktok.com/tiktokstudio/upload (0)
[0918/234421.193:INFO:CONSOLE:0] "The resource https://sf16-website-login.neutral.ttwstatic.com/obj/tiktok_web_login_static/ies/creator_center/static/js/async/Upload.925a07c2.js was preloaded using link preload but not used within a few seconds from the window's load event. Please make sure it has an appropriate `as` value and it is preloaded intentionally.", source: https://www.tiktok.com/tiktokstudio/upload (0)
[0918/234421.193:INFO:CONSOLE:0] "The resource https://sf16-website-login.neutral.ttwstatic.com/obj/tiktok_web_login_static/ies/creator_center/static/js/9826.c822c06c.js was preloaded using link preload but not used within a few seconds from the window's load event. Please make sure it has an appropriate `as` value and it is preloaded intentionally.", source: https://www.tiktok.com/tiktokstudio/upload (0)
[0918/234429.292:INFO:CONSOLE:1] "[performance] an error occurred when calling measure(selectVideoFiles,selectVideoFiles-start,selectVideoFiles-end) [object DOMException]", source: https://sf16-website-login.neutral.ttwstatic.com/obj/tiktok_web_login_static/ies/creator_center/static/js/async/__federation_expose_routes.6df4b1f5.js (1)
[0918/234429.506:INFO:CONSOLE:1] "[video meta] [object Object]", source: https://sf16-website-login.neutral.ttwstatic.com/obj/tiktok_web_login_static/ies/creator_center/static/js/6416.e1a2f1ce.js (1)
[0918/234429.514:INFO:CONSOLE:2] "iterable.length has been deprecated, use iterable.size or iterable.count(). This warning will become a silent error in a future version. Error
    at r.get (https://sf16-website-login.neutral.ttwstatic.com/obj/tiktok_web_login_static/ies/creator_center/static/js/4954.fa0d3cb8.js:2:109331)
    at t.exports (https://sf16-website-login.neutral.ttwstatic.com/obj/tiktok_web_login_static/ies/creator_center/static/js/lib-lodash.1d939bb4.js:2:106229)
    at t.exports (https://sf16-website-login.neutral.ttwstatic.com/obj/tiktok_web_login_static/ies/creator_center/static/js/lib-lodash.1d939bb4.js:2:121340)
    at t.exports (https://sf16-website-login.neutral.ttwstatic.com/obj/tiktok_web_login_static/ies/creator_center/static/js/lib-lodash.1d939bb4.js:2:95395)
    at t.exports (https://sf16-website-login.neutral.ttwstatic.com/obj/tiktok_web_login_static/ies/creator_center/static/js/lib-lodash.1d939bb4.js:2:124112)
    at t (https://sf16-website-login.neutral.ttwstatic.com/obj/tiktok_web_login_static/ies/creator_center/static/js/lib-lodash.1d939bb4.js:2:142994)
    at https://sf16-website-login.neutral.ttwstatic.com/obj/tiktok_web_login_static/ies/creator_center/static/js/lib-lodash.1d939bb4.js:2:143047
    at t.exports (https://sf16-website-login.neutral.ttwstatic.com/obj/tiktok_web_login_static/ies/creator_center/static/js/lib-lodash.1d939bb4.js:2:110833)
    at t (https://sf16-website-login.neutral.ttwstatic.com/obj/tiktok_web_login_static/ies/creator_center/static/js/lib-lodash.1d939bb4.js:2:143005)
    at https://sf16-website-login.neutral.ttwstatic.com/obj/tiktok_web_login_static/ies/creator_center/static/js/lib-lodash.1d939bb4.js:2:143047", source: https://sf16-website-login.neutral.ttwstatic.com/obj/tiktok_web_login_static/ies/creator_center/static/js/4954.fa0d3cb8.js (2)
[0918/234429.514:INFO:CONSOLE:2] "iterable.length has been deprecated, use iterable.size or iterable.count(). This warning will become a silent error in a future version. Error
    at r.get (https://sf16-website-login.neutral.ttwstatic.com/obj/tiktok_web_login_static/ies/creator_center/static/js/4954.fa0d3cb8.js:2:109331)
    at t.exports (https://sf16-website-login.neutral.ttwstatic.com/obj/tiktok_web_login_static/ies/creator_center/static/js/lib-lodash.1d939bb4.js:2:17855)
    at t.exports (https://sf16-website-login.neutral.ttwstatic.com/obj/tiktok_web_login_static/ies/creator_center/static/js/lib-lodash.1d939bb4.js:2:112832)
    at t.exports (https://sf16-website-login.neutral.ttwstatic.com/obj/tiktok_web_login_static/ies/creator_center/static/js/lib-lodash.1d939bb4.js:2:121345)
    at t.exports (https://sf16-website-login.neutral.ttwstatic.com/obj/tiktok_web_login_static/ies/creator_center/static/js/lib-lodash.1d939bb4.js:2:95395)
    at t.exports (https://sf16-website-login.neutral.ttwstatic.com/obj/tiktok_web_login_static/ies/creator_center/static/js/lib-lodash.1d939bb4.js:2:124112)
    at t (https://sf16-website-login.neutral.ttwstatic.com/obj/tiktok_web_login_static/ies/creator_center/static/js/lib-lodash.1d939bb4.js:2:142994)
    at https://sf16-website-login.neutral.ttwstatic.com/obj/tiktok_web_login_static/ies/creator_center/static/js/lib-lodash.1d939bb4.js:2:143047
    at t.exports (https://sf16-website-login.neutral.ttwstatic.com/obj/tiktok_web_login_static/ies/creator_center/static/js/lib-lodash.1d939bb4.js:2:110833)
    at t (https://sf16-website-login.neutral.ttwstatic.com/obj/tiktok_web_login_static/ies/creator_center/static/js/lib-lodash.1d939bb4.js:2:143005)", source: https://sf16-website-login.neutral.ttwstatic.com/obj/tiktok_web_login_static/ies/creator_center/static/js/4954.fa0d3cb8.js (2)
[0918/234429.514:INFO:CONSOLE:2] "iterable.length has been deprecated, use iterable.size or iterable.count(). This warning will become a silent error in a future version. Error
    at He.get (https://sf16-website-login.neutral.ttwstatic.com/obj/tiktok_web_login_static/ies/creator_center/static/js/4954.fa0d3cb8.js:2:109331)
    at t.exports (https://sf16-website-login.neutral.ttwstatic.com/obj/tiktok_web_login_static/ies/creator_center/static/js/lib-lodash.1d939bb4.js:2:106229)
    at t.exports (https://sf16-website-login.neutral.ttwstatic.com/obj/tiktok_web_login_static/ies/creator_center/static/js/lib-lodash.1d939bb4.js:2:121340)
    at t.exports (https://sf16-website-login.neutral.ttwstatic.com/obj/tiktok_web_login_static/ies/creator_center/static/js/lib-lodash.1d939bb4.js:2:95395)
    at t.exports (https://sf16-website-login.neutral.ttwstatic.com/obj/tiktok_web_login_static/ies/creator_center/static/js/lib-lodash.1d939bb4.js:2:124112)
    at t (https://sf16-website-login.neutral.ttwstatic.com/obj/tiktok_web_login_static/ies/creator_center/static/js/lib-lodash.1d939bb4.js:2:142994)
    at https://sf16-website-login.neutral.ttwstatic.com/obj/tiktok_web_login_static/ies/creator_center/static/js/lib-lodash.1d939bb4.js:2:143047
    at t.exports (https://sf16-website-login.neutral.ttwstatic.com/obj/tiktok_web_login_static/ies/creator_center/static/js/lib-lodash.1d939bb4.js:2:110833)
    at t (https://sf16-website-login.neutral.ttwstatic.com/obj/tiktok_web_login_static/ies/creator_center/static/js/lib-lodash.1d939bb4.js:2:143005)
    at https://sf16-website-login.neutral.ttwstatic.com/obj/tiktok_web_login_static/ies/creator_center/static/js/lib-lodash.1d939bb4.js:2:143047", source: https://sf16-website-login.neutral.ttwstatic.com/obj/tiktok_web_login_static/ies/creator_center/static/js/4954.fa0d3cb8.js (2)
[0918/234429.514:INFO:CONSOLE:2] "iterable.length has been deprecated, use iterable.size or iterable.count(). This warning will become a silent error in a future version. Error
    at He.get (https://sf16-website-login.neutral.ttwstatic.com/obj/tiktok_web_login_static/ies/creator_center/static/js/4954.fa0d3cb8.js:2:109331)
    at t.exports (https://sf16-website-login.neutral.ttwstatic.com/obj/tiktok_web_login_static/ies/creator_center/static/js/lib-lodash.1d939bb4.js:2:17855)
    at t.exports (https://sf16-website-login.neutral.ttwstatic.com/obj/tiktok_web_login_static/ies/creator_center/static/js/lib-lodash.1d939bb4.js:2:112832)
    at t.exports (https://sf16-website-login.neutral.ttwstatic.com/obj/tiktok_web_login_static/ies/creator_center/static/js/lib-lodash.1d939bb4.js:2:121345)
    at t.exports (https://sf16-website-login.neutral.ttwstatic.com/obj/tiktok_web_login_static/ies/creator_center/static/js/lib-lodash.1d939bb4.js:2:95395)
    at t.exports (https://sf16-website-login.neutral.ttwstatic.com/obj/tiktok_web_login_static/ies/creator_center/static/js/lib-lodash.1d939bb4.js:2:124112)
    at t (https://sf16-website-login.neutral.ttwstatic.com/obj/tiktok_web_login_static/ies/creator_center/static/js/lib-lodash.1d939bb4.js:2:142994)
    at https://sf16-website-login.neutral.ttwstatic.com/obj/tiktok_web_login_static/ies/creator_center/static/js/lib-lodash.1d939bb4.js:2:143047
    at t.exports (https://sf16-website-login.neutral.ttwstatic.com/obj/tiktok_web_login_static/ies/creator_center/static/js/lib-lodash.1d939bb4.js:2:110833)
    at t (https://sf16-website-login.neutral.ttwstatic.com/obj/tiktok_web_login_static/ies/creator_center/static/js/lib-lodash.1d939bb4.js:2:143005)", source: https://sf16-website-login.neutral.ttwstatic.com/obj/tiktok_web_login_static/ies/creator_center/static/js/4954.fa0d3cb8.js (2)
[0918/234429.514:INFO:CONSOLE:2] "iterable.length has been deprecated, use iterable.size or iterable.count(). This warning will become a silent error in a future version. Error
    at i.get (https://sf16-website-login.neutral.ttwstatic.com/obj/tiktok_web_login_static/ies/creator_center/static/js/4954.fa0d3cb8.js:2:109331)
    at t.exports (https://sf16-website-login.neutral.ttwstatic.com/obj/tiktok_web_login_static/ies/creator_center/static/js/lib-lodash.1d939bb4.js:2:106229)
    at t.exports (https://sf16-website-login.neutral.ttwstatic.com/obj/tiktok_web_login_static/ies/creator_center/static/js/lib-lodash.1d939bb4.js:2:121340)
    at t.exports (https://sf16-website-login.neutral.ttwstatic.com/obj/tiktok_web_login_static/ies/creator_center/static/js/lib-lodash.1d939bb4.js:2:95395)
    at t.exports (https://sf16-website-login.neutral.ttwstatic.com/obj/tiktok_web_login_static/ies/creator_center/static/js/lib-lodash.1d939bb4.js:2:124112)
    at t (https://sf16-website-login.neutral.ttwstatic.com/obj/tiktok_web_login_static/ies/creator_center/static/js/lib-lodash.1d939bb4.js:2:142994)
    at https://sf16-website-login.neutral.ttwstatic.com/obj/tiktok_web_login_static/ies/creator_center/static/js/lib-lodash.1d939bb4.js:2:143047
    at t.exports (https://sf16-website-login.neutral.ttwstatic.com/obj/tiktok_web_login_static/ies/creator_center/static/js/lib-lodash.1d939bb4.js:2:110833)
    at t (https://sf16-website-login.neutral.ttwstatic.com/obj/tiktok_web_login_static/ies/creator_center/static/js/lib-lodash.1d939bb4.js:2:143005)
    at https://sf16-website-login.neutral.ttwstatic.com/obj/tiktok_web_login_static/ies/creator_center/static/js/lib-lodash.1d939bb4.js:2:143047", source: https://sf16-website-login.neutral.ttwstatic.com/obj/tiktok_web_login_static/ies/creator_center/static/js/4954.fa0d3cb8.js (2)
[0918/234429.515:INFO:CONSOLE:2] "iterable.length has been deprecated, use iterable.size or iterable.count(). This warning will become a silent error in a future version. Error
    at i.get (https://sf16-website-login.neutral.ttwstatic.com/obj/tiktok_web_login_static/ies/creator_center/static/js/4954.fa0d3cb8.js:2:109331)
    at t.exports (https://sf16-website-login.neutral.ttwstatic.com/obj/tiktok_web_login_static/ies/creator_center/static/js/lib-lodash.1d939bb4.js:2:17855)
    at t.exports (https://sf16-website-login.neutral.ttwstatic.com/obj/tiktok_web_login_static/ies/creator_center/static/js/lib-lodash.1d939bb4.js:2:112832)
    at t.exports (https://sf16-website-login.neutral.ttwstatic.com/obj/tiktok_web_login_static/ies/creator_center/static/js/lib-lodash.1d939bb4.js:2:121345)
    at t.exports (https://sf16-website-login.neutral.ttwstatic.com/obj/tiktok_web_login_static/ies/creator_center/static/js/lib-lodash.1d939bb4.js:2:95395)
    at t.exports (https://sf16-website-login.neutral.ttwstatic.com/obj/tiktok_web_login_static/ies/creator_center/static/js/lib-lodash.1d939bb4.js:2:124112)
    at t (https://sf16-website-login.neutral.ttwstatic.com/obj/tiktok_web_login_static/ies/creator_center/static/js/lib-lodash.1d939bb4.js:2:142994)
    at https://sf16-website-login.neutral.ttwstatic.com/obj/tiktok_web_login_static/ies/creator_center/static/js/lib-lodash.1d939bb4.js:2:143047
    at t.exports (https://sf16-website-login.neutral.ttwstatic.com/obj/tiktok_web_login_static/ies/creator_center/static/js/lib-lodash.1d939bb4.js:2:110833)
    at t (https://sf16-website-login.neutral.ttwstatic.com/obj/tiktok_web_login_static/ies/creator_center/static/js/lib-lodash.1d939bb4.js:2:143005)", source: https://sf16-website-login.neutral.ttwstatic.com/obj/tiktok_web_login_static/ies/creator_center/static/js/4954.fa0d3cb8.js (2)
[0918/234429.515:INFO:CONSOLE:2] "iterable.length has been deprecated, use iterable.size or iterable.count(). This warning will become a silent error in a future version. Error
    at He.get (https://sf16-website-login.neutral.ttwstatic.com/obj/tiktok_web_login_static/ies/creator_center/static/js/4954.fa0d3cb8.js:2:109331)
    at t.exports (https://sf16-website-login.neutral.ttwstatic.com/obj/tiktok_web_login_static/ies/creator_center/static/js/lib-lodash.1d939bb4.js:2:106229)
    at t.exports (https://sf16-website-login.neutral.ttwstatic.com/obj/tiktok_web_login_static/ies/creator_center/static/js/lib-lodash.1d939bb4.js:2:121340)
    at t.exports (https://sf16-website-login.neutral.ttwstatic.com/obj/tiktok_web_login_static/ies/creator_center/static/js/lib-lodash.1d939bb4.js:2:95395)
    at t.exports (https://sf16-website-login.neutral.ttwstatic.com/obj/tiktok_web_login_static/ies/creator_center/static/js/lib-lodash.1d939bb4.js:2:124112)
    at t (https://sf16-website-login.neutral.ttwstatic.com/obj/tiktok_web_login_static/ies/creator_center/static/js/lib-lodash.1d939bb4.js:2:142994)
    at https://sf16-website-login.neutral.ttwstatic.com/obj/tiktok_web_login_static/ies/creator_center/static/js/lib-lodash.1d939bb4.js:2:143047
    at t.exports (https://sf16-website-login.neutral.ttwstatic.com/obj/tiktok_web_login_static/ies/creator_center/static/js/lib-lodash.1d939bb4.js:2:110833)
    at t (https://sf16-website-login.neutral.ttwstatic.com/obj/tiktok_web_login_static/ies/creator_center/static/js/lib-lodash.1d939bb4.js:2:143005)
    at https://sf16-website-login.neutral.ttwstatic.com/obj/tiktok_web_login_static/ies/creator_center/static/js/lib-lodash.1d939bb4.js:2:143047", source: https://sf16-website-login.neutral.ttwstatic.com/obj/tiktok_web_login_static/ies/creator_center/static/js/4954.fa0d3cb8.js (2)
[0918/234429.516:INFO:CONSOLE:2] "iterable.length has been deprecated, use iterable.size or iterable.count(). This warning will become a silent error in a future version. Error
    at He.get (https://sf16-website-login.neutral.ttwstatic.com/obj/tiktok_web_login_static/ies/creator_center/static/js/4954.fa0d3cb8.js:2:109331)
    at t.exports (https://sf16-website-login.neutral.ttwstatic.com/obj/tiktok_web_login_static/ies/creator_center/static/js/lib-lodash.1d939bb4.js:2:17855)
    at t.exports (https://sf16-website-login.neutral.ttwstatic.com/obj/tiktok_web_login_static/ies/creator_center/static/js/lib-lodash.1d939bb4.js:2:112832)
    at t.exports (https://sf16-website-login.neutral.ttwstatic.com/obj/tiktok_web_login_static/ies/creator_center/static/js/lib-lodash.1d939bb4.js:2:121345)
    at t.exports (https://sf16-website-login.neutral.ttwstatic.com/obj/tiktok_web_login_static/ies/creator_center/static/js/lib-lodash.1d939bb4.js:2:95395)
    at t.exports (https://sf16-website-login.neutral.ttwstatic.com/obj/tiktok_web_login_static/ies/creator_center/static/js/lib-lodash.1d939bb4.js:2:124112)
    at t (https://sf16-website-login.neutral.ttwstatic.com/obj/tiktok_web_login_static/ies/creator_center/static/js/lib-lodash.1d939bb4.js:2:142994)
    at https://sf16-website-login.neutral.ttwstatic.com/obj/tiktok_web_login_static/ies/creator_center/static/js/lib-lodash.1d939bb4.js:2:143047
    at t.exports (https://sf16-website-login.neutral.ttwstatic.com/obj/tiktok_web_login_static/ies/creator_center/static/js/lib-lodash.1d939bb4.js:2:110833)
    at t (https://sf16-website-login.neutral.ttwstatic.com/obj/tiktok_web_login_static/ies/creator_center/static/js/lib-lodash.1d939bb4.js:2:143005)", source: https://sf16-website-login.neutral.ttwstatic.com/obj/tiktok_web_login_static/ies/creator_center/static/js/4954.fa0d3cb8.js (2)
[0918/234429.516:INFO:CONSOLE:2] "iterable.length has been deprecated, use iterable.size or iterable.count(). This warning will become a silent error in a future version. Error
    at Vt.get (https://sf16-website-login.neutral.ttwstatic.com/obj/tiktok_web_login_static/ies/creator_center/static/js/4954.fa0d3cb8.js:2:109331)
    at t.exports (https://sf16-website-login.neutral.ttwstatic.com/obj/tiktok_web_login_static/ies/creator_center/static/js/lib-lodash.1d939bb4.js:2:106229)
    at t.exports (https://sf16-website-login.neutral.ttwstatic.com/obj/tiktok_web_login_static/ies/creator_center/static/js/lib-lodash.1d939bb4.js:2:121340)
    at t.exports (https://sf16-website-login.neutral.ttwstatic.com/obj/tiktok_web_login_static/ies/creator_center/static/js/lib-lodash.1d939bb4.js:2:95395)
    at t.exports (https://sf16-website-login.neutral.ttwstatic.com/obj/tiktok_web_login_static/ies/creator_center/static/js/lib-lodash.1d939bb4.js:2:124112)
    at t (https://sf16-website-login.neutral.ttwstatic.com/obj/tiktok_web_login_static/ies/creator_center/static/js/lib-lodash.1d939bb4.js:2:142994)
    at https://sf16-website-login.neutral.ttwstatic.com/obj/tiktok_web_login_static/ies/creator_center/static/js/lib-lodash.1d939bb4.js:2:143047
    at t.exports (https://sf16-website-login.neutral.ttwstatic.com/obj/tiktok_web_login_static/ies/creator_center/static/js/lib-lodash.1d939bb4.js:2:110833)
    at t (https://sf16-website-login.neutral.ttwstatic.com/obj/tiktok_web_login_static/ies/creator_center/static/js/lib-lodash.1d939bb4.js:2:143005)
    at https://sf16-website-login.neutral.ttwstatic.com/obj/tiktok_web_login_static/ies/creator_center/static/js/lib-lodash.1d939bb4.js:2:143047", source: https://sf16-website-login.neutral.ttwstatic.com/obj/tiktok_web_login_static/ies/creator_center/static/js/4954.fa0d3cb8.js (2)
[0918/234429.516:INFO:CONSOLE:2] "iterable.length has been deprecated, use iterable.size or iterable.count(). This warning will become a silent error in a future version. Error
    at Vt.get (https://sf16-website-login.neutral.ttwstatic.com/obj/tiktok_web_login_static/ies/creator_center/static/js/4954.fa0d3cb8.js:2:109331)
    at t.exports (https://sf16-website-login.neutral.ttwstatic.com/obj/tiktok_web_login_static/ies/creator_center/static/js/lib-lodash.1d939bb4.js:2:17855)
    at t.exports (https://sf16-website-login.neutral.ttwstatic.com/obj/tiktok_web_login_static/ies/creator_center/static/js/lib-lodash.1d939bb4.js:2:112832)
    at t.exports (https://sf16-website-login.neutral.ttwstatic.com/obj/tiktok_web_login_static/ies/creator_center/static/js/lib-lodash.1d939bb4.js:2:121345)
    at t.exports (https://sf16-website-login.neutral.ttwstatic.com/obj/tiktok_web_login_static/ies/creator_center/static/js/lib-lodash.1d939bb4.js:2:95395)
    at t.exports (https://sf16-website-login.neutral.ttwstatic.com/obj/tiktok_web_login_static/ies/creator_center/static/js/lib-lodash.1d939bb4.js:2:124112)
    at t (https://sf16-website-login.neutral.ttwstatic.com/obj/tiktok_web_login_static/ies/creator_center/static/js/lib-lodash.1d939bb4.js:2:142994)
    at https://sf16-website-login.neutral.ttwstatic.com/obj/tiktok_web_login_static/ies/creator_center/static/js/lib-lodash.1d939bb4.js:2:143047
    at t.exports (https://sf16-website-login.neutral.ttwstatic.com/obj/tiktok_web_login_static/ies/creator_center/static/js/lib-lodash.1d939bb4.js:2:110833)
    at t (https://sf16-website-login.neutral.ttwstatic.com/obj/tiktok_web_login_static/ies/creator_center/static/js/lib-lodash.1d939bb4.js:2:143005)", source: https://sf16-website-login.neutral.ttwstatic.com/obj/tiktok_web_login_static/ies/creator_center/static/js/4954.fa0d3cb8.js (2)
[0918/234429.516:INFO:CONSOLE:2] "iterable.length has been deprecated, use iterable.size or iterable.count(). This warning will become a silent error in a future version. Error
    at He.get (https://sf16-website-login.neutral.ttwstatic.com/obj/tiktok_web_login_static/ies/creator_center/static/js/4954.fa0d3cb8.js:2:109331)
    at t.exports (https://sf16-website-login.neutral.ttwstatic.com/obj/tiktok_web_login_static/ies/creator_center/static/js/lib-lodash.1d939bb4.js:2:106229)
    at t.exports (https://sf16-website-login.neutral.ttwstatic.com/obj/tiktok_web_login_static/ies/creator_center/static/js/lib-lodash.1d939bb4.js:2:121340)
    at t.exports (https://sf16-website-login.neutral.ttwstatic.com/obj/tiktok_web_login_static/ies/creator_center/static/js/lib-lodash.1d939bb4.js:2:95395)
    at t.exports (https://sf16-website-login.neutral.ttwstatic.com/obj/tiktok_web_login_static/ies/creator_center/static/js/lib-lodash.1d939bb4.js:2:124112)
    at t (https://sf16-website-login.neutral.ttwstatic.com/obj/tiktok_web_login_static/ies/creator_center/static/js/lib-lodash.1d939bb4.js:2:142994)
    at https://sf16-website-login.neutral.ttwstatic.com/obj/tiktok_web_login_static/ies/creator_center/static/js/lib-lodash.1d939bb4.js:2:143047
    at t.exports (https://sf16-website-login.neutral.ttwstatic.com/obj/tiktok_web_login_static/ies/creator_center/static/js/lib-lodash.1d939bb4.js:2:110833)
    at t (https://sf16-website-login.neutral.ttwstatic.com/obj/tiktok_web_login_static/ies/creator_center/static/js/lib-lodash.1d939bb4.js:2:143005)
    at https://sf16-website-login.neutral.ttwstatic.com/obj/tiktok_web_login_static/ies/creator_center/static/js/lib-lodash.1d939bb4.js:2:143047", source: https://sf16-website-login.neutral.ttwstatic.com/obj/tiktok_web_login_static/ies/creator_center/static/js/4954.fa0d3cb8.js (2)
[0918/234429.517:INFO:CONSOLE:2] "iterable.length has been deprecated, use iterable.size or iterable.count(). This warning will become a silent error in a future version. Error
    at He.get (https://sf16-website-login.neutral.ttwstatic.com/obj/tiktok_web_login_static/ies/creator_center/static/js/4954.fa0d3cb8.js:2:109331)
    at t.exports (https://sf16-website-login.neutral.ttwstatic.com/obj/tiktok_web_login_static/ies/creator_center/static/js/lib-lodash.1d939bb4.js:2:17855)
    at t.exports (https://sf16-website-login.neutral.ttwstatic.com/obj/tiktok_web_login_static/ies/creator_center/static/js/lib-lodash.1d939bb4.js:2:112832)
    at t.exports (https://sf16-website-login.neutral.ttwstatic.com/obj/tiktok_web_login_static/ies/creator_center/static/js/lib-lodash.1d939bb4.js:2:121345)
    at t.exports (https://sf16-website-login.neutral.ttwstatic.com/obj/tiktok_web_login_static/ies/creator_center/static/js/lib-lodash.1d939bb4.js:2:95395)
    at t.exports (https://sf16-website-login.neutral.ttwstatic.com/obj/tiktok_web_login_static/ies/creator_center/static/js/lib-lodash.1d939bb4.js:2:124112)
    at t (https://sf16-website-login.neutral.ttwstatic.com/obj/tiktok_web_login_static/ies/creator_center/static/js/lib-lodash.1d939bb4.js:2:142994)
    at https://sf16-website-login.neutral.ttwstatic.com/obj/tiktok_web_login_static/ies/creator_center/static/js/lib-lodash.1d939bb4.js:2:143047
    at t.exports (https://sf16-website-login.neutral.ttwstatic.com/obj/tiktok_web_login_static/ies/creator_center/static/js/lib-lodash.1d939bb4.js:2:110833)
    at t (https://sf16-website-login.neutral.ttwstatic.com/obj/tiktok_web_login_static/ies/creator_center/static/js/lib-lodash.1d939bb4.js:2:143005)", source: https://sf16-website-login.neutral.ttwstatic.com/obj/tiktok_web_login_static/ies/creator_center/static/js/4954.fa0d3cb8.js (2)
[0918/234429.517:INFO:CONSOLE:2] "iterable.length has been deprecated, use iterable.size or iterable.count(). This warning will become a silent error in a future version. Error
    at xt.get (https://sf16-website-login.neutral.ttwstatic.com/obj/tiktok_web_login_static/ies/creator_center/static/js/4954.fa0d3cb8.js:2:109331)
    at t.exports (https://sf16-website-login.neutral.ttwstatic.com/obj/tiktok_web_login_static/ies/creator_center/static/js/lib-lodash.1d939bb4.js:2:106229)
    at t.exports (https://sf16-website-login.neutral.ttwstatic.com/obj/tiktok_web_login_static/ies/creator_center/static/js/lib-lodash.1d939bb4.js:2:121340)
    at t.exports (https://sf16-website-login.neutral.ttwstatic.com/obj/tiktok_web_login_static/ies/creator_center/static/js/lib-lodash.1d939bb4.js:2:95395)
    at t.exports (https://sf16-website-login.neutral.ttwstatic.com/obj/tiktok_web_login_static/ies/creator_center/static/js/lib-lodash.1d939bb4.js:2:124112)
    at t (https://sf16-website-login.neutral.ttwstatic.com/obj/tiktok_web_login_static/ies/creator_center/static/js/lib-lodash.1d939bb4.js:2:142994)
    at https://sf16-website-login.neutral.ttwstatic.com/obj/tiktok_web_login_static/ies/creator_center/static/js/lib-lodash.1d939bb4.js:2:143047
    at t.exports (https://sf16-website-login.neutral.ttwstatic.com/obj/tiktok_web_login_static/ies/creator_center/static/js/lib-lodash.1d939bb4.js:2:110833)
    at t (https://sf16-website-login.neutral.ttwstatic.com/obj/tiktok_web_login_static/ies/creator_center/static/js/lib-lodash.1d939bb4.js:2:143005)
    at https://sf16-website-login.neutral.ttwstatic.com/obj/tiktok_web_login_static/ies/creator_center/static/js/lib-lodash.1d939bb4.js:2:143047", source: https://sf16-website-login.neutral.ttwstatic.com/obj/tiktok_web_login_static/ies/creator_center/static/js/4954.fa0d3cb8.js (2)
[0918/234429.517:INFO:CONSOLE:2] "iterable.length has been deprecated, use iterable.size or iterable.count(). This warning will become a silent error in a future version. Error
    at xt.get (https://sf16-website-login.neutral.ttwstatic.com/obj/tiktok_web_login_static/ies/creator_center/static/js/4954.fa0d3cb8.js:2:109331)
    at t.exports (https://sf16-website-login.neutral.ttwstatic.com/obj/tiktok_web_login_static/ies/creator_center/static/js/lib-lodash.1d939bb4.js:2:17855)
    at t.exports (https://sf16-website-login.neutral.ttwstatic.com/obj/tiktok_web_login_static/ies/creator_center/static/js/lib-lodash.1d939bb4.js:2:112832)
    at t.exports (https://sf16-website-login.neutral.ttwstatic.com/obj/tiktok_web_login_static/ies/creator_center/static/js/lib-lodash.1d939bb4.js:2:121345)
    at t.exports (https://sf16-website-login.neutral.ttwstatic.com/obj/tiktok_web_login_static/ies/creator_center/static/js/lib-lodash.1d939bb4.js:2:95395)
    at t.exports (https://sf16-website-login.neutral.ttwstatic.com/obj/tiktok_web_login_static/ies/creator_center/static/js/lib-lodash.1d939bb4.js:2:124112)
    at t (https://sf16-website-login.neutral.ttwstatic.com/obj/tiktok_web_login_static/ies/creator_center/static/js/lib-lodash.1d939bb4.js:2:142994)
    at https://sf16-website-login.neutral.ttwstatic.com/obj/tiktok_web_login_static/ies/creator_center/static/js/lib-lodash.1d939bb4.js:2:143047
    at t.exports (https://sf16-website-login.neutral.ttwstatic.com/obj/tiktok_web_login_static/ies/creator_center/static/js/lib-lodash.1d939bb4.js:2:110833)
    at t (https://sf16-website-login.neutral.ttwstatic.com/obj/tiktok_web_login_static/ies/creator_center/static/js/lib-lodash.1d939bb4.js:2:143005)", source: https://sf16-website-login.neutral.ttwstatic.com/obj/tiktok_web_login_static/ies/creator_center/static/js/4954.fa0d3cb8.js (2)
[0918/234429.517:INFO:CONSOLE:2] "iterable.length has been deprecated, use iterable.size or iterable.count(). This warning will become a silent error in a future version. Error
    at o.get (https://sf16-website-login.neutral.ttwstatic.com/obj/tiktok_web_login_static/ies/creator_center/static/js/4954.fa0d3cb8.js:2:109331)
    at t.exports (https://sf16-website-login.neutral.ttwstatic.com/obj/tiktok_web_login_static/ies/creator_center/static/js/lib-lodash.1d939bb4.js:2:106229)
    at t.exports (https://sf16-website-login.neutral.ttwstatic.com/obj/tiktok_web_login_static/ies/creator_center/static/js/lib-lodash.1d939bb4.js:2:121340)
    at t.exports (https://sf16-website-login.neutral.ttwstatic.com/obj/tiktok_web_login_static/ies/creator_center/static/js/lib-lodash.1d939bb4.js:2:95395)
    at t.exports (https://sf16-website-login.neutral.ttwstatic.com/obj/tiktok_web_login_static/ies/creator_center/static/js/lib-lodash.1d939bb4.js:2:124112)
    at t (https://sf16-website-login.neutral.ttwstatic.com/obj/tiktok_web_login_static/ies/creator_center/static/js/lib-lodash.1d939bb4.js:2:142994)
    at https://sf16-website-login.neutral.ttwstatic.com/obj/tiktok_web_login_static/ies/creator_center/static/js/lib-lodash.1d939bb4.js:2:143047
    at t.exports (https://sf16-website-login.neutral.ttwstatic.com/obj/tiktok_web_login_static/ies/creator_center/static/js/lib-lodash.1d939bb4.js:2:110833)
    at t (https://sf16-website-login.neutral.ttwstatic.com/obj/tiktok_web_login_static/ies/creator_center/static/js/lib-lodash.1d939bb4.js:2:143005)
    at https://sf16-website-login.neutral.ttwstatic.com/obj/tiktok_web_login_static/ies/creator_center/static/js/lib-lodash.1d939bb4.js:2:143047", source: https://sf16-website-login.neutral.ttwstatic.com/obj/tiktok_web_login_static/ies/creator_center/static/js/4954.fa0d3cb8.js (2)
[0918/234429.517:INFO:CONSOLE:2] "iterable.length has been deprecated, use iterable.size or iterable.count(). This warning will become a silent error in a future version. Error
    at o.get (https://sf16-website-login.neutral.ttwstatic.com/obj/tiktok_web_login_static/ies/creator_center/static/js/4954.fa0d3cb8.js:2:109331)
    at t.exports (https://sf16-website-login.neutral.ttwstatic.com/obj/tiktok_web_login_static/ies/creator_center/static/js/lib-lodash.1d939bb4.js:2:17855)
    at t.exports (https://sf16-website-login.neutral.ttwstatic.com/obj/tiktok_web_login_static/ies/creator_center/static/js/lib-lodash.1d939bb4.js:2:112832)
    at t.exports (https://sf16-website-login.neutral.ttwstatic.com/obj/tiktok_web_login_static/ies/creator_center/static/js/lib-lodash.1d939bb4.js:2:121345)
    at t.exports (https://sf16-website-login.neutral.ttwstatic.com/obj/tiktok_web_login_static/ies/creator_center/static/js/lib-lodash.1d939bb4.js:2:95395)
    at t.exports (https://sf16-website-login.neutral.ttwstatic.com/obj/tiktok_web_login_static/ies/creator_center/static/js/lib-lodash.1d939bb4.js:2:124112)
    at t (https://sf16-website-login.neutral.ttwstatic.com/obj/tiktok_web_login_static/ies/creator_center/static/js/lib-lodash.1d939bb4.js:2:142994)
    at https://sf16-website-login.neutral.ttwstatic.com/obj/tiktok_web_login_static/ies/creator_center/static/js/lib-lodash.1d939bb4.js:2:143047
    at t.exports (https://sf16-website-login.neutral.ttwstatic.com/obj/tiktok_web_login_static/ies/creator_center/static/js/lib-lodash.1d939bb4.js:2:110833)
    at t (https://sf16-website-login.neutral.ttwstatic.com/obj/tiktok_web_login_static/ies/creator_center/static/js/lib-lodash.1d939bb4.js:2:143005)", source: https://sf16-website-login.neutral.ttwstatic.com/obj/tiktok_web_login_static/ies/creator_center/static/js/4954.fa0d3cb8.js (2)
[0918/234429.517:INFO:CONSOLE:2] "iterable.length has been deprecated, use iterable.size or iterable.count(). This warning will become a silent error in a future version. Error
    at He.get (https://sf16-website-login.neutral.ttwstatic.com/obj/tiktok_web_login_static/ies/creator_center/static/js/4954.fa0d3cb8.js:2:109331)
    at t.exports (https://sf16-website-login.neutral.ttwstatic.com/obj/tiktok_web_login_static/ies/creator_center/static/js/lib-lodash.1d939bb4.js:2:106229)
    at t.exports (https://sf16-website-login.neutral.ttwstatic.com/obj/tiktok_web_login_static/ies/creator_center/static/js/lib-lodash.1d939bb4.js:2:121340)
    at t.exports (https://sf16-website-login.neutral.ttwstatic.com/obj/tiktok_web_login_static/ies/creator_center/static/js/lib-lodash.1d939bb4.js:2:95395)
    at t.exports (https://sf16-website-login.neutral.ttwstatic.com/obj/tiktok_web_login_static/ies/creator_center/static/js/lib-lodash.1d939bb4.js:2:124112)
    at t (https://sf16-website-login.neutral.ttwstatic.com/obj/tiktok_web_login_static/ies/creator_center/static/js/lib-lodash.1d939bb4.js:2:142994)
    at https://sf16-website-login.neutral.ttwstatic.com/obj/tiktok_web_login_static/ies/creator_center/static/js/lib-lodash.1d939bb4.js:2:143047
    at t.exports (https://sf16-website-login.neutral.ttwstatic.com/obj/tiktok_web_login_static/ies/creator_center/static/js/lib-lodash.1d939bb4.js:2:110833)
    at t (https://sf16-website-login.neutral.ttwstatic.com/obj/tiktok_web_login_static/ies/creator_center/static/js/lib-lodash.1d939bb4.js:2:143005)
    at https://sf16-website-login.neutral.ttwstatic.com/obj/tiktok_web_login_static/ies/creator_center/static/js/lib-lodash.1d939bb4.js:2:143047", source: https://sf16-website-login.neutral.ttwstatic.com/obj/tiktok_web_login_static/ies/creator_center/static/js/4954.fa0d3cb8.js (2)
[0918/234429.517:INFO:CONSOLE:2] "iterable.length has been deprecated, use iterable.size or iterable.count(). This warning will become a silent error in a future version. Error
    at He.get (https://sf16-website-login.neutral.ttwstatic.com/obj/tiktok_web_login_static/ies/creator_center/static/js/4954.fa0d3cb8.js:2:109331)
    at t.exports (https://sf16-website-login.neutral.ttwstatic.com/obj/tiktok_web_login_static/ies/creator_center/static/js/lib-lodash.1d939bb4.js:2:17855)
    at t.exports (https://sf16-website-login.neutral.ttwstatic.com/obj/tiktok_web_login_static/ies/creator_center/static/js/lib-lodash.1d939bb4.js:2:112832)
    at t.exports (https://sf16-website-login.neutral.ttwstatic.com/obj/tiktok_web_login_static/ies/creator_center/static/js/lib-lodash.1d939bb4.js:2:121345)
    at t.exports (https://sf16-website-login.neutral.ttwstatic.com/obj/tiktok_web_login_static/ies/creator_center/static/js/lib-lodash.1d939bb4.js:2:95395)
    at t.exports (https://sf16-website-login.neutral.ttwstatic.com/obj/tiktok_web_login_static/ies/creator_center/static/js/lib-lodash.1d939bb4.js:2:124112)
    at t (https://sf16-website-login.neutral.ttwstatic.com/obj/tiktok_web_login_static/ies/creator_center/static/js/lib-lodash.1d939bb4.js:2:142994)
    at https://sf16-website-login.neutral.ttwstatic.com/obj/tiktok_web_login_static/ies/creator_center/static/js/lib-lodash.1d939bb4.js:2:143047
    at t.exports (https://sf16-website-login.neutral.ttwstatic.com/obj/tiktok_web_login_static/ies/creator_center/static/js/lib-lodash.1d939bb4.js:2:110833)
    at t (https://sf16-website-login.neutral.ttwstatic.com/obj/tiktok_web_login_static/ies/creator_center/static/js/lib-lodash.1d939bb4.js:2:143005)", source: https://sf16-website-login.neutral.ttwstatic.com/obj/tiktok_web_login_static/ies/creator_center/static/js/4954.fa0d3cb8.js (2)
[0918/234429.517:INFO:CONSOLE:2] "iterable.length has been deprecated, use iterable.size or iterable.count(). This warning will become a silent error in a future version. Error
    at xt.get (https://sf16-website-login.neutral.ttwstatic.com/obj/tiktok_web_login_static/ies/creator_center/static/js/4954.fa0d3cb8.js:2:109331)
    at t.exports (https://sf16-website-login.neutral.ttwstatic.com/obj/tiktok_web_login_static/ies/creator_center/static/js/lib-lodash.1d939bb4.js:2:106229)
    at t.exports (https://sf16-website-login.neutral.ttwstatic.com/obj/tiktok_web_login_static/ies/creator_center/static/js/lib-lodash.1d939bb4.js:2:121340)
    at t.exports (https://sf16-website-login.neutral.ttwstatic.com/obj/tiktok_web_login_static/ies/creator_center/static/js/lib-lodash.1d939bb4.js:2:95395)
    at t.exports (https://sf16-website-login.neutral.ttwstatic.com/obj/tiktok_web_login_static/ies/creator_center/static/js/lib-lodash.1d939bb4.js:2:124112)
    at t (https://sf16-website-login.neutral.ttwstatic.com/obj/tiktok_web_login_static/ies/creator_center/static/js/lib-lodash.1d939bb4.js:2:142994)
    at https://sf16-website-login.neutral.ttwstatic.com/obj/tiktok_web_login_static/ies/creator_center/static/js/lib-lodash.1d939bb4.js:2:143047
    at t.exports (https://sf16-website-login.neutral.ttwstatic.com/obj/tiktok_web_login_static/ies/creator_center/static/js/lib-lodash.1d939bb4.js:2:110833)
    at t (https://sf16-website-login.neutral.ttwstatic.com/obj/tiktok_web_login_static/ies/creator_center/static/js/lib-lodash.1d939bb4.js:2:143005)
    at https://sf16-website-login.neutral.ttwstatic.com/obj/tiktok_web_login_static/ies/creator_center/static/js/lib-lodash.1d939bb4.js:2:143047", source: https://sf16-website-login.neutral.ttwstatic.com/obj/tiktok_web_login_static/ies/creator_center/static/js/4954.fa0d3cb8.js (2)
[0918/234429.517:INFO:CONSOLE:2] "iterable.length has been deprecated, use iterable.size or iterable.count(). This warning will become a silent error in a future version. Error
    at xt.get (https://sf16-website-login.neutral.ttwstatic.com/obj/tiktok_web_login_static/ies/creator_center/static/js/4954.fa0d3cb8.js:2:109331)
    at t.exports (https://sf16-website-login.neutral.ttwstatic.com/obj/tiktok_web_login_static/ies/creator_center/static/js/lib-lodash.1d939bb4.js:2:17855)
    at t.exports (https://sf16-website-login.neutral.ttwstatic.com/obj/tiktok_web_login_static/ies/creator_center/static/js/lib-lodash.1d939bb4.js:2:112832)
    at t.exports (https://sf16-website-login.neutral.ttwstatic.com/obj/tiktok_web_login_static/ies/creator_center/static/js/lib-lodash.1d939bb4.js:2:121345)
    at t.exports (https://sf16-website-login.neutral.ttwstatic.com/obj/tiktok_web_login_static/ies/creator_center/static/js/lib-lodash.1d939bb4.js:2:95395)
    at t.exports (https://sf16-website-login.neutral.ttwstatic.com/obj/tiktok_web_login_static/ies/creator_center/static/js/lib-lodash.1d939bb4.js:2:124112)
    at t (https://sf16-website-login.neutral.ttwstatic.com/obj/tiktok_web_login_static/ies/creator_center/static/js/lib-lodash.1d939bb4.js:2:142994)
    at https://sf16-website-login.neutral.ttwstatic.com/obj/tiktok_web_login_static/ies/creator_center/static/js/lib-lodash.1d939bb4.js:2:143047
    at t.exports (https://sf16-website-login.neutral.ttwstatic.com/obj/tiktok_web_login_static/ies/creator_center/static/js/lib-lodash.1d939bb4.js:2:110833)
    at t (https://sf16-website-login.neutral.ttwstatic.com/obj/tiktok_web_login_static/ies/creator_center/static/js/lib-lodash.1d939bb4.js:2:143005)", source: https://sf16-website-login.neutral.ttwstatic.com/obj/tiktok_web_login_static/ies/creator_center/static/js/4954.fa0d3cb8.js (2)
[0918/234429.517:INFO:CONSOLE:2] "iterable.length has been deprecated, use iterable.size or iterable.count(). This warning will become a silent error in a future version. Error
    at r.get (https://sf16-website-login.neutral.ttwstatic.com/obj/tiktok_web_login_static/ies/creator_center/static/js/4954.fa0d3cb8.js:2:109331)
    at t.exports (https://sf16-website-login.neutral.ttwstatic.com/obj/tiktok_web_login_static/ies/creator_center/static/js/lib-lodash.1d939bb4.js:2:106229)
    at t.exports (https://sf16-website-login.neutral.ttwstatic.com/obj/tiktok_web_login_static/ies/creator_center/static/js/lib-lodash.1d939bb4.js:2:121340)
    at t.exports (https://sf16-website-login.neutral.ttwstatic.com/obj/tiktok_web_login_static/ies/creator_center/static/js/lib-lodash.1d939bb4.js:2:95395)
    at t.exports (https://sf16-website-login.neutral.ttwstatic.com/obj/tiktok_web_login_static/ies/creator_center/static/js/lib-lodash.1d939bb4.js:2:124112)
    at t (https://sf16-website-login.neutral.ttwstatic.com/obj/tiktok_web_login_static/ies/creator_center/static/js/lib-lodash.1d939bb4.js:2:142994)
    at https://sf16-website-login.neutral.ttwstatic.com/obj/tiktok_web_login_static/ies/creator_center/static/js/lib-lodash.1d939bb4.js:2:143047
    at t.exports (https://sf16-website-login.neutral.ttwstatic.com/obj/tiktok_web_login_static/ies/creator_center/static/js/lib-lodash.1d939bb4.js:2:110833)
    at t (https://sf16-website-login.neutral.ttwstatic.com/obj/tiktok_web_login_static/ies/creator_center/static/js/lib-lodash.1d939bb4.js:2:143005)
    at https://sf16-website-login.neutral.ttwstatic.com/obj/tiktok_web_login_static/ies/creator_center/static/js/lib-lodash.1d939bb4.js:2:143047", source: https://sf16-website-login.neutral.ttwstatic.com/obj/tiktok_web_login_static/ies/creator_center/static/js/4954.fa0d3cb8.js (2)
[0918/234429.517:INFO:CONSOLE:2] "iterable.length has been deprecated, use iterable.size or iterable.count(). This warning will become a silent error in a future version. Error
    at r.get (https://sf16-website-login.neutral.ttwstatic.com/obj/tiktok_web_login_static/ies/creator_center/static/js/4954.fa0d3cb8.js:2:109331)
    at t.exports (https://sf16-website-login.neutral.ttwstatic.com/obj/tiktok_web_login_static/ies/creator_center/static/js/lib-lodash.1d939bb4.js:2:17855)
    at t.exports (https://sf16-website-login.neutral.ttwstatic.com/obj/tiktok_web_login_static/ies/creator_center/static/js/lib-lodash.1d939bb4.js:2:112832)
    at t.exports (https://sf16-website-login.neutral.ttwstatic.com/obj/tiktok_web_login_static/ies/creator_center/static/js/lib-lodash.1d939bb4.js:2:121345)
    at t.exports (https://sf16-website-login.neutral.ttwstatic.com/obj/tiktok_web_login_static/ies/creator_center/static/js/lib-lodash.1d939bb4.js:2:95395)
    at t.exports (https://sf16-website-login.neutral.ttwstatic.com/obj/tiktok_web_login_static/ies/creator_center/static/js/lib-lodash.1d939bb4.js:2:124112)
    at t (https://sf16-website-login.neutral.ttwstatic.com/obj/tiktok_web_login_static/ies/creator_center/static/js/lib-lodash.1d939bb4.js:2:142994)
    at https://sf16-website-login.neutral.ttwstatic.com/obj/tiktok_web_login_static/ies/creator_center/static/js/lib-lodash.1d939bb4.js:2:143047
    at t.exports (https://sf16-website-login.neutral.ttwstatic.com/obj/tiktok_web_login_static/ies/creator_center/static/js/lib-lodash.1d939bb4.js:2:110833)
    at t (https://sf16-website-login.neutral.ttwstatic.com/obj/tiktok_web_login_static/ies/creator_center/static/js/lib-lodash.1d939bb4.js:2:143005)", source: https://sf16-website-login.neutral.ttwstatic.com/obj/tiktok_web_login_static/ies/creator_center/static/js/4954.fa0d3cb8.js (2)
[0918/234429.517:INFO:CONSOLE:2] "iterable.length has been deprecated, use iterable.size or iterable.count(). This warning will become a silent error in a future version. Error
    at He.get (https://sf16-website-login.neutral.ttwstatic.com/obj/tiktok_web_login_static/ies/creator_center/static/js/4954.fa0d3cb8.js:2:109331)
    at t.exports (https://sf16-website-login.neutral.ttwstatic.com/obj/tiktok_web_login_static/ies/creator_center/static/js/lib-lodash.1d939bb4.js:2:106229)
    at t.exports (https://sf16-website-login.neutral.ttwstatic.com/obj/tiktok_web_login_static/ies/creator_center/static/js/lib-lodash.1d939bb4.js:2:121340)
    at t.exports (https://sf16-website-login.neutral.ttwstatic.com/obj/tiktok_web_login_static/ies/creator_center/static/js/lib-lodash.1d939bb4.js:2:95395)
    at t.exports (https://sf16-website-login.neutral.ttwstatic.com/obj/tiktok_web_login_static/ies/creator_center/static/js/lib-lodash.1d939bb4.js:2:124112)
    at t (https://sf16-website-login.neutral.ttwstatic.com/obj/tiktok_web_login_static/ies/creator_center/static/js/lib-lodash.1d939bb4.js:2:142994)
    at https://sf16-website-login.neutral.ttwstatic.com/obj/tiktok_web_login_static/ies/creator_center/static/js/lib-lodash.1d939bb4.js:2:143047
    at t.exports (https://sf16-website-login.neutral.ttwstatic.com/obj/tiktok_web_login_static/ies/creator_center/static/js/lib-lodash.1d939bb4.js:2:110833)
    at t (https://sf16-website-login.neutral.ttwstatic.com/obj/tiktok_web_login_static/ies/creator_center/static/js/lib-lodash.1d939bb4.js:2:143005)
    at https://sf16-website-login.neutral.ttwstatic.com/obj/tiktok_web_login_static/ies/creator_center/static/js/lib-lodash.1d939bb4.js:2:143047", source: https://sf16-website-login.neutral.ttwstatic.com/obj/tiktok_web_login_static/ies/creator_center/static/js/4954.fa0d3cb8.js (2)
[0918/234429.517:INFO:CONSOLE:2] "iterable.length has been deprecated, use iterable.size or iterable.count(). This warning will become a silent error in a future version. Error
    at He.get (https://sf16-website-login.neutral.ttwstatic.com/obj/tiktok_web_login_static/ies/creator_center/static/js/4954.fa0d3cb8.js:2:109331)
    at t.exports (https://sf16-website-login.neutral.ttwstatic.com/obj/tiktok_web_login_static/ies/creator_center/static/js/lib-lodash.1d939bb4.js:2:17855)
    at t.exports (https://sf16-website-login.neutral.ttwstatic.com/obj/tiktok_web_login_static/ies/creator_center/static/js/lib-lodash.1d939bb4.js:2:112832)
    at t.exports (https://sf16-website-login.neutral.ttwstatic.com/obj/tiktok_web_login_static/ies/creator_center/static/js/lib-lodash.1d939bb4.js:2:121345)
    at t.exports (https://sf16-website-login.neutral.ttwstatic.com/obj/tiktok_web_login_static/ies/creator_center/static/js/lib-lodash.1d939bb4.js:2:95395)
    at t.exports (https://sf16-website-login.neutral.ttwstatic.com/obj/tiktok_web_login_static/ies/creator_center/static/js/lib-lodash.1d939bb4.js:2:124112)
    at t (https://sf16-website-login.neutral.ttwstatic.com/obj/tiktok_web_login_static/ies/creator_center/static/js/lib-lodash.1d939bb4.js:2:142994)
    at https://sf16-website-login.neutral.ttwstatic.com/obj/tiktok_web_login_static/ies/creator_center/static/js/lib-lodash.1d939bb4.js:2:143047
    at t.exports (https://sf16-website-login.neutral.ttwstatic.com/obj/tiktok_web_login_static/ies/creator_center/static/js/lib-lodash.1d939bb4.js:2:110833)
    at t (https://sf16-website-login.neutral.ttwstatic.com/obj/tiktok_web_login_static/ies/creator_center/static/js/lib-lodash.1d939bb4.js:2:143005)", source: https://sf16-website-login.neutral.ttwstatic.com/obj/tiktok_web_login_static/ies/creator_center/static/js/4954.fa0d3cb8.js (2)
[0918/234429.522:INFO:CONSOLE:2] "iterable.length has been deprecated, use iterable.size or iterable.count(). This warning will become a silent error in a future version. Error
    at Gn.get (https://sf16-website-login.neutral.ttwstatic.com/obj/tiktok_web_login_static/ies/creator_center/static/js/4954.fa0d3cb8.js:2:109331)
    at t.exports (https://sf16-website-login.neutral.ttwstatic.com/obj/tiktok_web_login_static/ies/creator_center/static/js/lib-lodash.1d939bb4.js:2:106229)
    at t.exports (https://sf16-website-login.neutral.ttwstatic.com/obj/tiktok_web_login_static/ies/creator_center/static/js/lib-lodash.1d939bb4.js:2:121340)
    at t.exports (https://sf16-website-login.neutral.ttwstatic.com/obj/tiktok_web_login_static/ies/creator_center/static/js/lib-lodash.1d939bb4.js:2:95395)
    at t.exports (https://sf16-website-login.neutral.ttwstatic.com/obj/tiktok_web_login_static/ies/creator_center/static/js/lib-lodash.1d939bb4.js:2:124112)
    at t (https://sf16-website-login.neutral.ttwstatic.com/obj/tiktok_web_login_static/ies/creator_center/static/js/lib-lodash.1d939bb4.js:2:142994)
    at https://sf16-website-login.neutral.ttwstatic.com/obj/tiktok_web_login_static/ies/creator_center/static/js/lib-lodash.1d939bb4.js:2:143047
    at t.exports (https://sf16-website-login.neutral.ttwstatic.com/obj/tiktok_web_login_static/ies/creator_center/static/js/lib-lodash.1d939bb4.js:2:110833)
    at t (https://sf16-website-login.neutral.ttwstatic.com/obj/tiktok_web_login_static/ies/creator_center/static/js/lib-lodash.1d939bb4.js:2:143005)
    at https://sf16-website-login.neutral.ttwstatic.com/obj/tiktok_web_login_static/ies/creator_center/static/js/lib-lodash.1d939bb4.js:2:143047", source: https://sf16-website-login.neutral.ttwstatic.com/obj/tiktok_web_login_static/ies/creator_center/static/js/4954.fa0d3cb8.js (2)
[0918/234429.522:INFO:CONSOLE:2] "iterable.length has been deprecated, use iterable.size or iterable.count(). This warning will become a silent error in a future version. Error
    at Gn.get (https://sf16-website-login.neutral.ttwstatic.com/obj/tiktok_web_login_static/ies/creator_center/static/js/4954.fa0d3cb8.js:2:109331)
    at t.exports (https://sf16-website-login.neutral.ttwstatic.com/obj/tiktok_web_login_static/ies/creator_center/static/js/lib-lodash.1d939bb4.js:2:17855)
    at t.exports (https://sf16-website-login.neutral.ttwstatic.com/obj/tiktok_web_login_static/ies/creator_center/static/js/lib-lodash.1d939bb4.js:2:112832)
    at t.exports (https://sf16-website-login.neutral.ttwstatic.com/obj/tiktok_web_login_static/ies/creator_center/static/js/lib-lodash.1d939bb4.js:2:121345)
    at t.exports (https://sf16-website-login.neutral.ttwstatic.com/obj/tiktok_web_login_static/ies/creator_center/static/js/lib-lodash.1d939bb4.js:2:95395)
    at t.exports (https://sf16-website-login.neutral.ttwstatic.com/obj/tiktok_web_login_static/ies/creator_center/static/js/lib-lodash.1d939bb4.js:2:124112)
    at t (https://sf16-website-login.neutral.ttwstatic.com/obj/tiktok_web_login_static/ies/creator_center/static/js/lib-lodash.1d939bb4.js:2:142994)
    at https://sf16-website-login.neutral.ttwstatic.com/obj/tiktok_web_login_static/ies/creator_center/static/js/lib-lodash.1d939bb4.js:2:143047
    at t.exports (https://sf16-website-login.neutral.ttwstatic.com/obj/tiktok_web_login_static/ies/creator_center/static/js/lib-lodash.1d939bb4.js:2:110833)
    at t (https://sf16-website-login.neutral.ttwstatic.com/obj/tiktok_web_login_static/ies/creator_center/static/js/lib-lodash.1d939bb4.js:2:143005)", source: https://sf16-website-login.neutral.ttwstatic.com/obj/tiktok_web_login_static/ies/creator_center/static/js/4954.fa0d3cb8.js (2)
[0918/234429.522:INFO:CONSOLE:2] "iterable.length has been deprecated, use iterable.size or iterable.count(). This warning will become a silent error in a future version. Error
    at r.get (https://sf16-website-login.neutral.ttwstatic.com/obj/tiktok_web_login_static/ies/creator_center/static/js/4954.fa0d3cb8.js:2:109331)
    at t.exports (https://sf16-website-login.neutral.ttwstatic.com/obj/tiktok_web_login_static/ies/creator_center/static/js/lib-lodash.1d939bb4.js:2:106229)
    at t.exports (https://sf16-website-login.neutral.ttwstatic.com/obj/tiktok_web_login_static/ies/creator_center/static/js/lib-lodash.1d939bb4.js:2:121340)
    at t.exports (https://sf16-website-login.neutral.ttwstatic.com/obj/tiktok_web_login_static/ies/creator_center/static/js/lib-lodash.1d939bb4.js:2:95395)
    at t.exports (https://sf16-website-login.neutral.ttwstatic.com/obj/tiktok_web_login_static/ies/creator_center/static/js/lib-lodash.1d939bb4.js:2:124112)
    at t (https://sf16-website-login.neutral.ttwstatic.com/obj/tiktok_web_login_static/ies/creator_center/static/js/lib-lodash.1d939bb4.js:2:142994)
    at https://sf16-website-login.neutral.ttwstatic.com/obj/tiktok_web_login_static/ies/creator_center/static/js/lib-lodash.1d939bb4.js:2:143047
    at t.exports (https://sf16-website-login.neutral.ttwstatic.com/obj/tiktok_web_login_static/ies/creator_center/static/js/lib-lodash.1d939bb4.js:2:110833)
    at t (https://sf16-website-login.neutral.ttwstatic.com/obj/tiktok_web_login_static/ies/creator_center/static/js/lib-lodash.1d939bb4.js:2:143005)
    at https://sf16-website-login.neutral.ttwstatic.com/obj/tiktok_web_login_static/ies/creator_center/static/js/lib-lodash.1d939bb4.js:2:143047", source: https://sf16-website-login.neutral.ttwstatic.com/obj/tiktok_web_login_static/ies/creator_center/static/js/4954.fa0d3cb8.js (2)
[0918/234429.522:INFO:CONSOLE:2] "iterable.length has been deprecated, use iterable.size or iterable.count(). This warning will become a silent error in a future version. Error
    at r.get (https://sf16-website-login.neutral.ttwstatic.com/obj/tiktok_web_login_static/ies/creator_center/static/js/4954.fa0d3cb8.js:2:109331)
    at t.exports (https://sf16-website-login.neutral.ttwstatic.com/obj/tiktok_web_login_static/ies/creator_center/static/js/lib-lodash.1d939bb4.js:2:17855)
    at t.exports (https://sf16-website-login.neutral.ttwstatic.com/obj/tiktok_web_login_static/ies/creator_center/static/js/lib-lodash.1d939bb4.js:2:112832)
    at t.exports (https://sf16-website-login.neutral.ttwstatic.com/obj/tiktok_web_login_static/ies/creator_center/static/js/lib-lodash.1d939bb4.js:2:121345)
    at t.exports (https://sf16-website-login.neutral.ttwstatic.com/obj/tiktok_web_login_static/ies/creator_center/static/js/lib-lodash.1d939bb4.js:2:95395)
    at t.exports (https://sf16-website-login.neutral.ttwstatic.com/obj/tiktok_web_login_static/ies/creator_center/static/js/lib-lodash.1d939bb4.js:2:124112)
    at t (https://sf16-website-login.neutral.ttwstatic.com/obj/tiktok_web_login_static/ies/creator_center/static/js/lib-lodash.1d939bb4.js:2:142994)
    at https://sf16-website-login.neutral.ttwstatic.com/obj/tiktok_web_login_static/ies/creator_center/static/js/lib-lodash.1d939bb4.js:2:143047
    at t.exports (https://sf16-website-login.neutral.ttwstatic.com/obj/tiktok_web_login_static/ies/creator_center/static/js/lib-lodash.1d939bb4.js:2:110833)
    at t (https://sf16-website-login.neutral.ttwstatic.com/obj/tiktok_web_login_static/ies/creator_center/static/js/lib-lodash.1d939bb4.js:2:143005)", source: https://sf16-website-login.neutral.ttwstatic.com/obj/tiktok_web_login_static/ies/creator_center/static/js/4954.fa0d3cb8.js (2)
[0918/234429.522:INFO:CONSOLE:2] "iterable.length has been deprecated, use iterable.size or iterable.count(). This warning will become a silent error in a future version. Error
    at He.get (https://sf16-website-login.neutral.ttwstatic.com/obj/tiktok_web_login_static/ies/creator_center/static/js/4954.fa0d3cb8.js:2:109331)
    at t.exports (https://sf16-website-login.neutral.ttwstatic.com/obj/tiktok_web_login_static/ies/creator_center/static/js/lib-lodash.1d939bb4.js:2:106229)
    at t.exports (https://sf16-website-login.neutral.ttwstatic.com/obj/tiktok_web_login_static/ies/creator_center/static/js/lib-lodash.1d939bb4.js:2:121340)
    at t.exports (https://sf16-website-login.neutral.ttwstatic.com/obj/tiktok_web_login_static/ies/creator_center/static/js/lib-lodash.1d939bb4.js:2:95395)
    at t.exports (https://sf16-website-login.neutral.ttwstatic.com/obj/tiktok_web_login_static/ies/creator_center/static/js/lib-lodash.1d939bb4.js:2:124112)
    at t (https://sf16-website-login.neutral.ttwstatic.com/obj/tiktok_web_login_static/ies/creator_center/static/js/lib-lodash.1d939bb4.js:2:142994)
    at https://sf16-website-login.neutral.ttwstatic.com/obj/tiktok_web_login_static/ies/creator_center/static/js/lib-lodash.1d939bb4.js:2:143047
    at t.exports (https://sf16-website-login.neutral.ttwstatic.com/obj/tiktok_web_login_static/ies/creator_center/static/js/lib-lodash.1d939bb4.js:2:110833)
    at t (https://sf16-website-login.neutral.ttwstatic.com/obj/tiktok_web_login_static/ies/creator_center/static/js/lib-lodash.1d939bb4.js:2:143005)
    at https://sf16-website-login.neutral.ttwstatic.com/obj/tiktok_web_login_static/ies/creator_center/static/js/lib-lodash.1d939bb4.js:2:143047", source: https://sf16-website-login.neutral.ttwstatic.com/obj/tiktok_web_login_static/ies/creator_center/static/js/4954.fa0d3cb8.js (2)
[0918/234429.522:INFO:CONSOLE:2] "iterable.length has been deprecated, use iterable.size or iterable.count(). This warning will become a silent error in a future version. Error
    at He.get (https://sf16-website-login.neutral.ttwstatic.com/obj/tiktok_web_login_static/ies/creator_center/static/js/4954.fa0d3cb8.js:2:109331)
    at t.exports (https://sf16-website-login.neutral.ttwstatic.com/obj/tiktok_web_login_static/ies/creator_center/static/js/lib-lodash.1d939bb4.js:2:17855)
    at t.exports (https://sf16-website-login.neutral.ttwstatic.com/obj/tiktok_web_login_static/ies/creator_center/static/js/lib-lodash.1d939bb4.js:2:112832)
    at t.exports (https://sf16-website-login.neutral.ttwstatic.com/obj/tiktok_web_login_static/ies/creator_center/static/js/lib-lodash.1d939bb4.js:2:121345)
    at t.exports (https://sf16-website-login.neutral.ttwstatic.com/obj/tiktok_web_login_static/ies/creator_center/static/js/lib-lodash.1d939bb4.js:2:95395)
    at t.exports (https://sf16-website-login.neutral.ttwstatic.com/obj/tiktok_web_login_static/ies/creator_center/static/js/lib-lodash.1d939bb4.js:2:124112)
    at t (https://sf16-website-login.neutral.ttwstatic.com/obj/tiktok_web_login_static/ies/creator_center/static/js/lib-lodash.1d939bb4.js:2:142994)
    at https://sf16-website-login.neutral.ttwstatic.com/obj/tiktok_web_login_static/ies/creator_center/static/js/lib-lodash.1d939bb4.js:2:143047
    at t.exports (https://sf16-website-login.neutral.ttwstatic.com/obj/tiktok_web_login_static/ies/creator_center/static/js/lib-lodash.1d939bb4.js:2:110833)
    at t (https://sf16-website-login.neutral.ttwstatic.com/obj/tiktok_web_login_static/ies/creator_center/static/js/lib-lodash.1d939bb4.js:2:143005)", source: https://sf16-website-login.neutral.ttwstatic.com/obj/tiktok_web_login_static/ies/creator_center/static/js/4954.fa0d3cb8.js (2)
[0918/234429.522:INFO:CONSOLE:2] "iterable.length has been deprecated, use iterable.size or iterable.count(). This warning will become a silent error in a future version. Error
    at Vt.get (https://sf16-website-login.neutral.ttwstatic.com/obj/tiktok_web_login_static/ies/creator_center/static/js/4954.fa0d3cb8.js:2:109331)
    at t.exports (https://sf16-website-login.neutral.ttwstatic.com/obj/tiktok_web_login_static/ies/creator_center/static/js/lib-lodash.1d939bb4.js:2:106229)
    at t.exports (https://sf16-website-login.neutral.ttwstatic.com/obj/tiktok_web_login_static/ies/creator_center/static/js/lib-lodash.1d939bb4.js:2:121340)
    at t.exports (https://sf16-website-login.neutral.ttwstatic.com/obj/tiktok_web_login_static/ies/creator_center/static/js/lib-lodash.1d939bb4.js:2:95395)
    at t.exports (https://sf16-website-login.neutral.ttwstatic.com/obj/tiktok_web_login_static/ies/creator_center/static/js/lib-lodash.1d939bb4.js:2:124112)
    at t (https://sf16-website-login.neutral.ttwstatic.com/obj/tiktok_web_login_static/ies/creator_center/static/js/lib-lodash.1d939bb4.js:2:142994)
    at https://sf16-website-login.neutral.ttwstatic.com/obj/tiktok_web_login_static/ies/creator_center/static/js/lib-lodash.1d939bb4.js:2:143047
    at t.exports (https://sf16-website-login.neutral.ttwstatic.com/obj/tiktok_web_login_static/ies/creator_center/static/js/lib-lodash.1d939bb4.js:2:110833)
    at t (https://sf16-website-login.neutral.ttwstatic.com/obj/tiktok_web_login_static/ies/creator_center/static/js/lib-lodash.1d939bb4.js:2:143005)
    at https://sf16-website-login.neutral.ttwstatic.com/obj/tiktok_web_login_static/ies/creator_center/static/js/lib-lodash.1d939bb4.js:2:143047", source: https://sf16-website-login.neutral.ttwstatic.com/obj/tiktok_web_login_static/ies/creator_center/static/js/4954.fa0d3cb8.js (2)
[0918/234429.522:INFO:CONSOLE:2] "iterable.length has been deprecated, use iterable.size or iterable.count(). This warning will become a silent error in a future version. Error
    at Vt.get (https://sf16-website-login.neutral.ttwstatic.com/obj/tiktok_web_login_static/ies/creator_center/static/js/4954.fa0d3cb8.js:2:109331)
    at t.exports (https://sf16-website-login.neutral.ttwstatic.com/obj/tiktok_web_login_static/ies/creator_center/static/js/lib-lodash.1d939bb4.js:2:17855)
    at t.exports (https://sf16-website-login.neutral.ttwstatic.com/obj/tiktok_web_login_static/ies/creator_center/static/js/lib-lodash.1d939bb4.js:2:112832)
    at t.exports (https://sf16-website-login.neutral.ttwstatic.com/obj/tiktok_web_login_static/ies/creator_center/static/js/lib-lodash.1d939bb4.js:2:121345)
    at t.exports (https://sf16-website-login.neutral.ttwstatic.com/obj/tiktok_web_login_static/ies/creator_center/static/js/lib-lodash.1d939bb4.js:2:95395)
    at t.exports (https://sf16-website-login.neutral.ttwstatic.com/obj/tiktok_web_login_static/ies/creator_center/static/js/lib-lodash.1d939bb4.js:2:124112)
    at t (https://sf16-website-login.neutral.ttwstatic.com/obj/tiktok_web_login_static/ies/creator_center/static/js/lib-lodash.1d939bb4.js:2:142994)
    at https://sf16-website-login.neutral.ttwstatic.com/obj/tiktok_web_login_static/ies/creator_center/static/js/lib-lodash.1d939bb4.js:2:143047
    at t.exports (https://sf16-website-login.neutral.ttwstatic.com/obj/tiktok_web_login_static/ies/creator_center/static/js/lib-lodash.1d939bb4.js:2:110833)
    at t (https://sf16-website-login.neutral.ttwstatic.com/obj/tiktok_web_login_static/ies/creator_center/static/js/lib-lodash.1d939bb4.js:2:143005)", source: https://sf16-website-login.neutral.ttwstatic.com/obj/tiktok_web_login_static/ies/creator_center/static/js/4954.fa0d3cb8.js (2)
[0918/234429.524:INFO:CONSOLE:2] "iterable.length has been deprecated, use iterable.size or iterable.count(). This warning will become a silent error in a future version. Error
    at He.get (https://sf16-website-login.neutral.ttwstatic.com/obj/tiktok_web_login_static/ies/creator_center/static/js/4954.fa0d3cb8.js:2:109331)
    at t.exports (https://sf16-website-login.neutral.ttwstatic.com/obj/tiktok_web_login_static/ies/creator_center/static/js/lib-lodash.1d939bb4.js:2:106229)
    at t.exports (https://sf16-website-login.neutral.ttwstatic.com/obj/tiktok_web_login_static/ies/creator_center/static/js/lib-lodash.1d939bb4.js:2:121340)
    at t.exports (https://sf16-website-login.neutral.ttwstatic.com/obj/tiktok_web_login_static/ies/creator_center/static/js/lib-lodash.1d939bb4.js:2:95395)
    at t.exports (https://sf16-website-login.neutral.ttwstatic.com/obj/tiktok_web_login_static/ies/creator_center/static/js/lib-lodash.1d939bb4.js:2:124112)
    at t (https://sf16-website-login.neutral.ttwstatic.com/obj/tiktok_web_login_static/ies/creator_center/static/js/lib-lodash.1d939bb4.js:2:142994)
    at https://sf16-website-login.neutral.ttwstatic.com/obj/tiktok_web_login_static/ies/creator_center/static/js/lib-lodash.1d939bb4.js:2:143047
    at t.exports (https://sf16-website-login.neutral.ttwstatic.com/obj/tiktok_web_login_static/ies/creator_center/static/js/lib-lodash.1d939bb4.js:2:110833)
    at t (https://sf16-website-login.neutral.ttwstatic.com/obj/tiktok_web_login_static/ies/creator_center/static/js/lib-lodash.1d939bb4.js:2:143005)
    at https://sf16-website-login.neutral.ttwstatic.com/obj/tiktok_web_login_static/ies/creator_center/static/js/lib-lodash.1d939bb4.js:2:143047", source: https://sf16-website-login.neutral.ttwstatic.com/obj/tiktok_web_login_static/ies/creator_center/static/js/4954.fa0d3cb8.js (2)
[0918/234429.524:INFO:CONSOLE:2] "iterable.length has been deprecated, use iterable.size or iterable.count(). This warning will become a silent error in a future version. Error
    at He.get (https://sf16-website-login.neutral.ttwstatic.com/obj/tiktok_web_login_static/ies/creator_center/static/js/4954.fa0d3cb8.js:2:109331)
    at t.exports (https://sf16-website-login.neutral.ttwstatic.com/obj/tiktok_web_login_static/ies/creator_center/static/js/lib-lodash.1d939bb4.js:2:17855)
    at t.exports (https://sf16-website-login.neutral.ttwstatic.com/obj/tiktok_web_login_static/ies/creator_center/static/js/lib-lodash.1d939bb4.js:2:112832)
    at t.exports (https://sf16-website-login.neutral.ttwstatic.com/obj/tiktok_web_login_static/ies/creator_center/static/js/lib-lodash.1d939bb4.js:2:121345)
    at t.exports (https://sf16-website-login.neutral.ttwstatic.com/obj/tiktok_web_login_static/ies/creator_center/static/js/lib-lodash.1d939bb4.js:2:95395)
    at t.exports (https://sf16-website-login.neutral.ttwstatic.com/obj/tiktok_web_login_static/ies/creator_center/static/js/lib-lodash.1d939bb4.js:2:124112)
    at t (https://sf16-website-login.neutral.ttwstatic.com/obj/tiktok_web_login_static/ies/creator_center/static/js/lib-lodash.1d939bb4.js:2:142994)
    at https://sf16-website-login.neutral.ttwstatic.com/obj/tiktok_web_login_static/ies/creator_center/static/js/lib-lodash.1d939bb4.js:2:143047
    at t.exports (https://sf16-website-login.neutral.ttwstatic.com/obj/tiktok_web_login_static/ies/creator_center/static/js/lib-lodash.1d939bb4.js:2:110833)
    at t (https://sf16-website-login.neutral.ttwstatic.com/obj/tiktok_web_login_static/ies/creator_center/static/js/lib-lodash.1d939bb4.js:2:143005)", source: https://sf16-website-login.neutral.ttwstatic.com/obj/tiktok_web_login_static/ies/creator_center/static/js/4954.fa0d3cb8.js (2)
[0918/234429.525:INFO:CONSOLE:2] "iterable.length has been deprecated, use iterable.size or iterable.count(). This warning will become a silent error in a future version. Error
    at xt.get (https://sf16-website-login.neutral.ttwstatic.com/obj/tiktok_web_login_static/ies/creator_center/static/js/4954.fa0d3cb8.js:2:109331)
    at t.exports (https://sf16-website-login.neutral.ttwstatic.com/obj/tiktok_web_login_static/ies/creator_center/static/js/lib-lodash.1d939bb4.js:2:106229)
    at t.exports (https://sf16-website-login.neutral.ttwstatic.com/obj/tiktok_web_login_static/ies/creator_center/static/js/lib-lodash.1d939bb4.js:2:121340)
    at t.exports (https://sf16-website-login.neutral.ttwstatic.com/obj/tiktok_web_login_static/ies/creator_center/static/js/lib-lodash.1d939bb4.js:2:95395)
    at t.exports (https://sf16-website-login.neutral.ttwstatic.com/obj/tiktok_web_login_static/ies/creator_center/static/js/lib-lodash.1d939bb4.js:2:124112)
    at t (https://sf16-website-login.neutral.ttwstatic.com/obj/tiktok_web_login_static/ies/creator_center/static/js/lib-lodash.1d939bb4.js:2:142994)
    at https://sf16-website-login.neutral.ttwstatic.com/obj/tiktok_web_login_static/ies/creator_center/static/js/lib-lodash.1d939bb4.js:2:143047
    at t.exports (https://sf16-website-login.neutral.ttwstatic.com/obj/tiktok_web_login_static/ies/creator_center/static/js/lib-lodash.1d939bb4.js:2:110833)
    at t (https://sf16-website-login.neutral.ttwstatic.com/obj/tiktok_web_login_static/ies/creator_center/static/js/lib-lodash.1d939bb4.js:2:143005)
    at https://sf16-website-login.neutral.ttwstatic.com/obj/tiktok_web_login_static/ies/creator_center/static/js/lib-lodash.1d939bb4.js:2:143047", source: https://sf16-website-login.neutral.ttwstatic.com/obj/tiktok_web_login_static/ies/creator_center/static/js/4954.fa0d3cb8.js (2)
[0918/234429.525:INFO:CONSOLE:2] "iterable.length has been deprecated, use iterable.size or iterable.count(). This warning will become a silent error in a future version. Error
    at xt.get (https://sf16-website-login.neutral.ttwstatic.com/obj/tiktok_web_login_static/ies/creator_center/static/js/4954.fa0d3cb8.js:2:109331)
    at t.exports (https://sf16-website-login.neutral.ttwstatic.com/obj/tiktok_web_login_static/ies/creator_center/static/js/lib-lodash.1d939bb4.js:2:17855)
    at t.exports (https://sf16-website-login.neutral.ttwstatic.com/obj/tiktok_web_login_static/ies/creator_center/static/js/lib-lodash.1d939bb4.js:2:112832)
    at t.exports (https://sf16-website-login.neutral.ttwstatic.com/obj/tiktok_web_login_static/ies/creator_center/static/js/lib-lodash.1d939bb4.js:2:121345)
    at t.exports (https://sf16-website-login.neutral.ttwstatic.com/obj/tiktok_web_login_static/ies/creator_center/static/js/lib-lodash.1d939bb4.js:2:95395)
    at t.exports (https://sf16-website-login.neutral.ttwstatic.com/obj/tiktok_web_login_static/ies/creator_center/static/js/lib-lodash.1d939bb4.js:2:124112)
    at t (https://sf16-website-login.neutral.ttwstatic.com/obj/tiktok_web_login_static/ies/creator_center/static/js/lib-lodash.1d939bb4.js:2:142994)
    at https://sf16-website-login.neutral.ttwstatic.com/obj/tiktok_web_login_static/ies/creator_center/static/js/lib-lodash.1d939bb4.js:2:143047
    at t.exports (https://sf16-website-login.neutral.ttwstatic.com/obj/tiktok_web_login_static/ies/creator_center/static/js/lib-lodash.1d939bb4.js:2:110833)
    at t (https://sf16-website-login.neutral.ttwstatic.com/obj/tiktok_web_login_static/ies/creator_center/static/js/lib-lodash.1d939bb4.js:2:143005)", source: https://sf16-website-login.neutral.ttwstatic.com/obj/tiktok_web_login_static/ies/creator_center/static/js/4954.fa0d3cb8.js (2)
[0918/234429.525:INFO:CONSOLE:2] "iterable.length has been deprecated, use iterable.size or iterable.count(). This warning will become a silent error in a future version. Error
    at xt.get (https://sf16-website-login.neutral.ttwstatic.com/obj/tiktok_web_login_static/ies/creator_center/static/js/4954.fa0d3cb8.js:2:109331)
    at t.exports (https://sf16-website-login.neutral.ttwstatic.com/obj/tiktok_web_login_static/ies/creator_center/static/js/lib-lodash.1d939bb4.js:2:106229)
    at t.exports (https://sf16-website-login.neutral.ttwstatic.com/obj/tiktok_web_login_static/ies/creator_center/static/js/lib-lodash.1d939bb4.js:2:121340)
    at t.exports (https://sf16-website-login.neutral.ttwstatic.com/obj/tiktok_web_login_static/ies/creator_center/static/js/lib-lodash.1d939bb4.js:2:95395)
    at t.exports (https://sf16-website-login.neutral.ttwstatic.com/obj/tiktok_web_login_static/ies/creator_center/static/js/lib-lodash.1d939bb4.js:2:124112)
    at t (https://sf16-website-login.neutral.ttwstatic.com/obj/tiktok_web_login_static/ies/creator_center/static/js/lib-lodash.1d939bb4.js:2:142994)
    at https://sf16-website-login.neutral.ttwstatic.com/obj/tiktok_web_login_static/ies/creator_center/static/js/lib-lodash.1d939bb4.js:2:143047
    at t.exports (https://sf16-website-login.neutral.ttwstatic.com/obj/tiktok_web_login_static/ies/creator_center/static/js/lib-lodash.1d939bb4.js:2:110833)
    at t (https://sf16-website-login.neutral.ttwstatic.com/obj/tiktok_web_login_static/ies/creator_center/static/js/lib-lodash.1d939bb4.js:2:143005)
    at https://sf16-website-login.neutral.ttwstatic.com/obj/tiktok_web_login_static/ies/creator_center/static/js/lib-lodash.1d939bb4.js:2:143047", source: https://sf16-website-login.neutral.ttwstatic.com/obj/tiktok_web_login_static/ies/creator_center/static/js/4954.fa0d3cb8.js (2)
[0918/234429.525:INFO:CONSOLE:2] "iterable.length has been deprecated, use iterable.size or iterable.count(). This warning will become a silent error in a future version. Error
    at xt.get (https://sf16-website-login.neutral.ttwstatic.com/obj/tiktok_web_login_static/ies/creator_center/static/js/4954.fa0d3cb8.js:2:109331)
    at t.exports (https://sf16-website-login.neutral.ttwstatic.com/obj/tiktok_web_login_static/ies/creator_center/static/js/lib-lodash.1d939bb4.js:2:17855)
    at t.exports (https://sf16-website-login.neutral.ttwstatic.com/obj/tiktok_web_login_static/ies/creator_center/static/js/lib-lodash.1d939bb4.js:2:112832)
    at t.exports (https://sf16-website-login.neutral.ttwstatic.com/obj/tiktok_web_login_static/ies/creator_center/static/js/lib-lodash.1d939bb4.js:2:121345)
    at t.exports (https://sf16-website-login.neutral.ttwstatic.com/obj/tiktok_web_login_static/ies/creator_center/static/js/lib-lodash.1d939bb4.js:2:95395)
    at t.exports (https://sf16-website-login.neutral.ttwstatic.com/obj/tiktok_web_login_static/ies/creator_center/static/js/lib-lodash.1d939bb4.js:2:124112)
    at t (https://sf16-website-login.neutral.ttwstatic.com/obj/tiktok_web_login_static/ies/creator_center/static/js/lib-lodash.1d939bb4.js:2:142994)
    at https://sf16-website-login.neutral.ttwstatic.com/obj/tiktok_web_login_static/ies/creator_center/static/js/lib-lodash.1d939bb4.js:2:143047
    at t.exports (https://sf16-website-login.neutral.ttwstatic.com/obj/tiktok_web_login_static/ies/creator_center/static/js/lib-lodash.1d939bb4.js:2:110833)
    at t (https://sf16-website-login.neutral.ttwstatic.com/obj/tiktok_web_login_static/ies/creator_center/static/js/lib-lodash.1d939bb4.js:2:143005)", source: https://sf16-website-login.neutral.ttwstatic.com/obj/tiktok_web_login_static/ies/creator_center/static/js/4954.fa0d3cb8.js (2)
[0918/234429.526:INFO:CONSOLE:2] "iterable.length has been deprecated, use iterable.size or iterable.count(). This warning will become a silent error in a future version. Error
    at r.get (https://sf16-website-login.neutral.ttwstatic.com/obj/tiktok_web_login_static/ies/creator_center/static/js/4954.fa0d3cb8.js:2:109331)
    at t.exports (https://sf16-website-login.neutral.ttwstatic.com/obj/tiktok_web_login_static/ies/creator_center/static/js/lib-lodash.1d939bb4.js:2:106229)
    at t.exports (https://sf16-website-login.neutral.ttwstatic.com/obj/tiktok_web_login_static/ies/creator_center/static/js/lib-lodash.1d939bb4.js:2:121340)
    at t.exports (https://sf16-website-login.neutral.ttwstatic.com/obj/tiktok_web_login_static/ies/creator_center/static/js/lib-lodash.1d939bb4.js:2:95395)
    at t.exports (https://sf16-website-login.neutral.ttwstatic.com/obj/tiktok_web_login_static/ies/creator_center/static/js/lib-lodash.1d939bb4.js:2:124112)
    at t (https://sf16-website-login.neutral.ttwstatic.com/obj/tiktok_web_login_static/ies/creator_center/static/js/lib-lodash.1d939bb4.js:2:142994)
    at https://sf16-website-login.neutral.ttwstatic.com/obj/tiktok_web_login_static/ies/creator_center/static/js/lib-lodash.1d939bb4.js:2:143047
    at t.exports (https://sf16-website-login.neutral.ttwstatic.com/obj/tiktok_web_login_static/ies/creator_center/static/js/lib-lodash.1d939bb4.js:2:110833)
    at t (https://sf16-website-login.neutral.ttwstatic.com/obj/tiktok_web_login_static/ies/creator_center/static/js/lib-lodash.1d939bb4.js:2:143005)
    at https://sf16-website-login.neutral.ttwstatic.com/obj/tiktok_web_login_static/ies/creator_center/static/js/lib-lodash.1d939bb4.js:2:143047", source: https://sf16-website-login.neutral.ttwstatic.com/obj/tiktok_web_login_static/ies/creator_center/static/js/4954.fa0d3cb8.js (2)
[0918/234429.526:INFO:CONSOLE:2] "iterable.length has been deprecated, use iterable.size or iterable.count(). This warning will become a silent error in a future version. Error
    at r.get (https://sf16-website-login.neutral.ttwstatic.com/obj/tiktok_web_login_static/ies/creator_center/static/js/4954.fa0d3cb8.js:2:109331)
    at t.exports (https://sf16-website-login.neutral.ttwstatic.com/obj/tiktok_web_login_static/ies/creator_center/static/js/lib-lodash.1d939bb4.js:2:17855)
    at t.exports (https://sf16-website-login.neutral.ttwstatic.com/obj/tiktok_web_login_static/ies/creator_center/static/js/lib-lodash.1d939bb4.js:2:112832)
    at t.exports (https://sf16-website-login.neutral.ttwstatic.com/obj/tiktok_web_login_static/ies/creator_center/static/js/lib-lodash.1d939bb4.js:2:121345)
    at t.exports (https://sf16-website-login.neutral.ttwstatic.com/obj/tiktok_web_login_static/ies/creator_center/static/js/lib-lodash.1d939bb4.js:2:95395)
    at t.exports (https://sf16-website-login.neutral.ttwstatic.com/obj/tiktok_web_login_static/ies/creator_center/static/js/lib-lodash.1d939bb4.js:2:124112)
    at t (https://sf16-website-login.neutral.ttwstatic.com/obj/tiktok_web_login_static/ies/creator_center/static/js/lib-lodash.1d939bb4.js:2:142994)
    at https://sf16-website-login.neutral.ttwstatic.com/obj/tiktok_web_login_static/ies/creator_center/static/js/lib-lodash.1d939bb4.js:2:143047
    at t.exports (https://sf16-website-login.neutral.ttwstatic.com/obj/tiktok_web_login_static/ies/creator_center/static/js/lib-lodash.1d939bb4.js:2:110833)
    at t (https://sf16-website-login.neutral.ttwstatic.com/obj/tiktok_web_login_static/ies/creator_center/static/js/lib-lodash.1d939bb4.js:2:143005)", source: https://sf16-website-login.neutral.ttwstatic.com/obj/tiktok_web_login_static/ies/creator_center/static/js/4954.fa0d3cb8.js (2)
[0918/234429.526:INFO:CONSOLE:2] "iterable.length has been deprecated, use iterable.size or iterable.count(). This warning will become a silent error in a future version. Error
    at He.get (https://sf16-website-login.neutral.ttwstatic.com/obj/tiktok_web_login_static/ies/creator_center/static/js/4954.fa0d3cb8.js:2:109331)
    at t.exports (https://sf16-website-login.neutral.ttwstatic.com/obj/tiktok_web_login_static/ies/creator_center/static/js/lib-lodash.1d939bb4.js:2:106229)
    at t.exports (https://sf16-website-login.neutral.ttwstatic.com/obj/tiktok_web_login_static/ies/creator_center/static/js/lib-lodash.1d939bb4.js:2:121340)
    at t.exports (https://sf16-website-login.neutral.ttwstatic.com/obj/tiktok_web_login_static/ies/creator_center/static/js/lib-lodash.1d939bb4.js:2:95395)
    at t.exports (https://sf16-website-login.neutral.ttwstatic.com/obj/tiktok_web_login_static/ies/creator_center/static/js/lib-lodash.1d939bb4.js:2:124112)
    at t (https://sf16-website-login.neutral.ttwstatic.com/obj/tiktok_web_login_static/ies/creator_center/static/js/lib-lodash.1d939bb4.js:2:142994)
    at https://sf16-website-login.neutral.ttwstatic.com/obj/tiktok_web_login_static/ies/creator_center/static/js/lib-lodash.1d939bb4.js:2:143047
    at t.exports (https://sf16-website-login.neutral.ttwstatic.com/obj/tiktok_web_login_static/ies/creator_center/static/js/lib-lodash.1d939bb4.js:2:110833)
    at t (https://sf16-website-login.neutral.ttwstatic.com/obj/tiktok_web_login_static/ies/creator_center/static/js/lib-lodash.1d939bb4.js:2:143005)
    at https://sf16-website-login.neutral.ttwstatic.com/obj/tiktok_web_login_static/ies/creator_center/static/js/lib-lodash.1d939bb4.js:2:143047", source: https://sf16-website-login.neutral.ttwstatic.com/obj/tiktok_web_login_static/ies/creator_center/static/js/4954.fa0d3cb8.js (2)
[0918/234429.527:INFO:CONSOLE:2] "iterable.length has been deprecated, use iterable.size or iterable.count(). This warning will become a silent error in a future version. Error
    at He.get (https://sf16-website-login.neutral.ttwstatic.com/obj/tiktok_web_login_static/ies/creator_center/static/js/4954.fa0d3cb8.js:2:109331)
    at t.exports (https://sf16-website-login.neutral.ttwstatic.com/obj/tiktok_web_login_static/ies/creator_center/static/js/lib-lodash.1d939bb4.js:2:17855)
    at t.exports (https://sf16-website-login.neutral.ttwstatic.com/obj/tiktok_web_login_static/ies/creator_center/static/js/lib-lodash.1d939bb4.js:2:112832)
    at t.exports (https://sf16-website-login.neutral.ttwstatic.com/obj/tiktok_web_login_static/ies/creator_center/static/js/lib-lodash.1d939bb4.js:2:121345)
    at t.exports (https://sf16-website-login.neutral.ttwstatic.com/obj/tiktok_web_login_static/ies/creator_center/static/js/lib-lodash.1d939bb4.js:2:95395)
    at t.exports (https://sf16-website-login.neutral.ttwstatic.com/obj/tiktok_web_login_static/ies/creator_center/static/js/lib-lodash.1d939bb4.js:2:124112)
    at t (https://sf16-website-login.neutral.ttwstatic.com/obj/tiktok_web_login_static/ies/creator_center/static/js/lib-lodash.1d939bb4.js:2:142994)
    at https://sf16-website-login.neutral.ttwstatic.com/obj/tiktok_web_login_static/ies/creator_center/static/js/lib-lodash.1d939bb4.js:2:143047
    at t.exports (https://sf16-website-login.neutral.ttwstatic.com/obj/tiktok_web_login_static/ies/creator_center/static/js/lib-lodash.1d939bb4.js:2:110833)
    at t (https://sf16-website-login.neutral.ttwstatic.com/obj/tiktok_web_login_static/ies/creator_center/static/js/lib-lodash.1d939bb4.js:2:143005)", source: https://sf16-website-login.neutral.ttwstatic.com/obj/tiktok_web_login_static/ies/creator_center/static/js/4954.fa0d3cb8.js (2)
[0918/234429.527:INFO:CONSOLE:2] "iterable.length has been deprecated, use iterable.size or iterable.count(). This warning will become a silent error in a future version. Error
    at xt.get (https://sf16-website-login.neutral.ttwstatic.com/obj/tiktok_web_login_static/ies/creator_center/static/js/4954.fa0d3cb8.js:2:109331)
    at t.exports (https://sf16-website-login.neutral.ttwstatic.com/obj/tiktok_web_login_static/ies/creator_center/static/js/lib-lodash.1d939bb4.js:2:106229)
    at t.exports (https://sf16-website-login.neutral.ttwstatic.com/obj/tiktok_web_login_static/ies/creator_center/static/js/lib-lodash.1d939bb4.js:2:121340)
    at t.exports (https://sf16-website-login.neutral.ttwstatic.com/obj/tiktok_web_login_static/ies/creator_center/static/js/lib-lodash.1d939bb4.js:2:95395)
    at t.exports (https://sf16-website-login.neutral.ttwstatic.com/obj/tiktok_web_login_static/ies/creator_center/static/js/lib-lodash.1d939bb4.js:2:124112)
    at t (https://sf16-website-login.neutral.ttwstatic.com/obj/tiktok_web_login_static/ies/creator_center/static/js/lib-lodash.1d939bb4.js:2:142994)
    at https://sf16-website-login.neutral.ttwstatic.com/obj/tiktok_web_login_static/ies/creator_center/static/js/lib-lodash.1d939bb4.js:2:143047
    at t.exports (https://sf16-website-login.neutral.ttwstatic.com/obj/tiktok_web_login_static/ies/creator_center/static/js/lib-lodash.1d939bb4.js:2:110833)
    at t (https://sf16-website-login.neutral.ttwstatic.com/obj/tiktok_web_login_static/ies/creator_center/static/js/lib-lodash.1d939bb4.js:2:143005)
    at https://sf16-website-login.neutral.ttwstatic.com/obj/tiktok_web_login_static/ies/creator_center/static/js/lib-lodash.1d939bb4.js:2:143047", source: https://sf16-website-login.neutral.ttwstatic.com/obj/tiktok_web_login_static/ies/creator_center/static/js/4954.fa0d3cb8.js (2)
[0918/234429.527:INFO:CONSOLE:2] "iterable.length has been deprecated, use iterable.size or iterable.count(). This warning will become a silent error in a future version. Error
    at xt.get (https://sf16-website-login.neutral.ttwstatic.com/obj/tiktok_web_login_static/ies/creator_center/static/js/4954.fa0d3cb8.js:2:109331)
    at t.exports (https://sf16-website-login.neutral.ttwstatic.com/obj/tiktok_web_login_static/ies/creator_center/static/js/lib-lodash.1d939bb4.js:2:17855)
    at t.exports (https://sf16-website-login.neutral.ttwstatic.com/obj/tiktok_web_login_static/ies/creator_center/static/js/lib-lodash.1d939bb4.js:2:112832)
    at t.exports (https://sf16-website-login.neutral.ttwstatic.com/obj/tiktok_web_login_static/ies/creator_center/static/js/lib-lodash.1d939bb4.js:2:121345)
    at t.exports (https://sf16-website-login.neutral.ttwstatic.com/obj/tiktok_web_login_static/ies/creator_center/static/js/lib-lodash.1d939bb4.js:2:95395)
    at t.exports (https://sf16-website-login.neutral.ttwstatic.com/obj/tiktok_web_login_static/ies/creator_center/static/js/lib-lodash.1d939bb4.js:2:124112)
    at t (https://sf16-website-login.neutral.ttwstatic.com/obj/tiktok_web_login_static/ies/creator_center/static/js/lib-lodash.1d939bb4.js:2:142994)
    at https://sf16-website-login.neutral.ttwstatic.com/obj/tiktok_web_login_static/ies/creator_center/static/js/lib-lodash.1d939bb4.js:2:143047
    at t.exports (https://sf16-website-login.neutral.ttwstatic.com/obj/tiktok_web_login_static/ies/creator_center/static/js/lib-lodash.1d939bb4.js:2:110833)
    at t (https://sf16-website-login.neutral.ttwstatic.com/obj/tiktok_web_login_static/ies/creator_center/static/js/lib-lodash.1d939bb4.js:2:143005)", source: https://sf16-website-login.neutral.ttwstatic.com/obj/tiktok_web_login_static/ies/creator_center/static/js/4954.fa0d3cb8.js (2)
[0918/234429.527:INFO:CONSOLE:2] "iterable.length has been deprecated, use iterable.size or iterable.count(). This warning will become a silent error in a future version. Error
    at r.get (https://sf16-website-login.neutral.ttwstatic.com/obj/tiktok_web_login_static/ies/creator_center/static/js/4954.fa0d3cb8.js:2:109331)
    at t.exports (https://sf16-website-login.neutral.ttwstatic.com/obj/tiktok_web_login_static/ies/creator_center/static/js/lib-lodash.1d939bb4.js:2:106229)
    at t.exports (https://sf16-website-login.neutral.ttwstatic.com/obj/tiktok_web_login_static/ies/creator_center/static/js/lib-lodash.1d939bb4.js:2:121340)
    at t.exports (https://sf16-website-login.neutral.ttwstatic.com/obj/tiktok_web_login_static/ies/creator_center/static/js/lib-lodash.1d939bb4.js:2:95395)
    at t.exports (https://sf16-website-login.neutral.ttwstatic.com/obj/tiktok_web_login_static/ies/creator_center/static/js/lib-lodash.1d939bb4.js:2:124112)
    at t (https://sf16-website-login.neutral.ttwstatic.com/obj/tiktok_web_login_static/ies/creator_center/static/js/lib-lodash.1d939bb4.js:2:142994)
    at https://sf16-website-login.neutral.ttwstatic.com/obj/tiktok_web_login_static/ies/creator_center/static/js/lib-lodash.1d939bb4.js:2:143047
    at t.exports (https://sf16-website-login.neutral.ttwstatic.com/obj/tiktok_web_login_static/ies/creator_center/static/js/lib-lodash.1d939bb4.js:2:110833)
    at t (https://sf16-website-login.neutral.ttwstatic.com/obj/tiktok_web_login_static/ies/creator_center/static/js/lib-lodash.1d939bb4.js:2:143005)
    at https://sf16-website-login.neutral.ttwstatic.com/obj/tiktok_web_login_static/ies/creator_center/static/js/lib-lodash.1d939bb4.js:2:143047", source: https://sf16-website-login.neutral.ttwstatic.com/obj/tiktok_web_login_static/ies/creator_center/static/js/4954.fa0d3cb8.js (2)
[0918/234429.527:INFO:CONSOLE:2] "iterable.length has been deprecated, use iterable.size or iterable.count(). This warning will become a silent error in a future version. Error
    at r.get (https://sf16-website-login.neutral.ttwstatic.com/obj/tiktok_web_login_static/ies/creator_center/static/js/4954.fa0d3cb8.js:2:109331)
    at t.exports (https://sf16-website-login.neutral.ttwstatic.com/obj/tiktok_web_login_static/ies/creator_center/static/js/lib-lodash.1d939bb4.js:2:17855)
    at t.exports (https://sf16-website-login.neutral.ttwstatic.com/obj/tiktok_web_login_static/ies/creator_center/static/js/lib-lodash.1d939bb4.js:2:112832)
    at t.exports (https://sf16-website-login.neutral.ttwstatic.com/obj/tiktok_web_login_static/ies/creator_center/static/js/lib-lodash.1d939bb4.js:2:121345)
    at t.exports (https://sf16-website-login.neutral.ttwstatic.com/obj/tiktok_web_login_static/ies/creator_center/static/js/lib-lodash.1d939bb4.js:2:95395)
    at t.exports (https://sf16-website-login.neutral.ttwstatic.com/obj/tiktok_web_login_static/ies/creator_center/static/js/lib-lodash.1d939bb4.js:2:124112)
    at t (https://sf16-website-login.neutral.ttwstatic.com/obj/tiktok_web_login_static/ies/creator_center/static/js/lib-lodash.1d939bb4.js:2:142994)
    at https://sf16-website-login.neutral.ttwstatic.com/obj/tiktok_web_login_static/ies/creator_center/static/js/lib-lodash.1d939bb4.js:2:143047
    at t.exports (https://sf16-website-login.neutral.ttwstatic.com/obj/tiktok_web_login_static/ies/creator_center/static/js/lib-lodash.1d939bb4.js:2:110833)
    at t (https://sf16-website-login.neutral.ttwstatic.com/obj/tiktok_web_login_static/ies/creator_center/static/js/lib-lodash.1d939bb4.js:2:143005)", source: https://sf16-website-login.neutral.ttwstatic.com/obj/tiktok_web_login_static/ies/creator_center/static/js/4954.fa0d3cb8.js (2)
[0918/234429.529:INFO:CONSOLE:2] "iterable.length has been deprecated, use iterable.size or iterable.count(). This warning will become a silent error in a future version. Error
    at He.get (https://sf16-website-login.neutral.ttwstatic.com/obj/tiktok_web_login_static/ies/creator_center/static/js/4954.fa0d3cb8.js:2:109331)
    at t.exports (https://sf16-website-login.neutral.ttwstatic.com/obj/tiktok_web_login_static/ies/creator_center/static/js/lib-lodash.1d939bb4.js:2:106229)
    at t.exports (https://sf16-website-login.neutral.ttwstatic.com/obj/tiktok_web_login_static/ies/creator_center/static/js/lib-lodash.1d939bb4.js:2:121340)
    at t.exports (https://sf16-website-login.neutral.ttwstatic.com/obj/tiktok_web_login_static/ies/creator_center/static/js/lib-lodash.1d939bb4.js:2:95395)
    at t.exports (https://sf16-website-login.neutral.ttwstatic.com/obj/tiktok_web_login_static/ies/creator_center/static/js/lib-lodash.1d939bb4.js:2:124112)
    at t (https://sf16-website-login.neutral.ttwstatic.com/obj/tiktok_web_login_static/ies/creator_center/static/js/lib-lodash.1d939bb4.js:2:142994)
    at https://sf16-website-login.neutral.ttwstatic.com/obj/tiktok_web_login_static/ies/creator_center/static/js/lib-lodash.1d939bb4.js:2:143047
    at t.exports (https://sf16-website-login.neutral.ttwstatic.com/obj/tiktok_web_login_static/ies/creator_center/static/js/lib-lodash.1d939bb4.js:2:110833)
    at t (https://sf16-website-login.neutral.ttwstatic.com/obj/tiktok_web_login_static/ies/creator_center/static/js/lib-lodash.1d939bb4.js:2:143005)
    at https://sf16-website-login.neutral.ttwstatic.com/obj/tiktok_web_login_static/ies/creator_center/static/js/lib-lodash.1d939bb4.js:2:143047", source: https://sf16-website-login.neutral.ttwstatic.com/obj/tiktok_web_login_static/ies/creator_center/static/js/4954.fa0d3cb8.js (2)
[0918/234429.529:INFO:CONSOLE:2] "iterable.length has been deprecated, use iterable.size or iterable.count(). This warning will become a silent error in a future version. Error
    at He.get (https://sf16-website-login.neutral.ttwstatic.com/obj/tiktok_web_login_static/ies/creator_center/static/js/4954.fa0d3cb8.js:2:109331)
    at t.exports (https://sf16-website-login.neutral.ttwstatic.com/obj/tiktok_web_login_static/ies/creator_center/static/js/lib-lodash.1d939bb4.js:2:17855)
    at t.exports (https://sf16-website-login.neutral.ttwstatic.com/obj/tiktok_web_login_static/ies/creator_center/static/js/lib-lodash.1d939bb4.js:2:112832)
    at t.exports (https://sf16-website-login.neutral.ttwstatic.com/obj/tiktok_web_login_static/ies/creator_center/static/js/lib-lodash.1d939bb4.js:2:121345)
    at t.exports (https://sf16-website-login.neutral.ttwstatic.com/obj/tiktok_web_login_static/ies/creator_center/static/js/lib-lodash.1d939bb4.js:2:95395)
    at t.exports (https://sf16-website-login.neutral.ttwstatic.com/obj/tiktok_web_login_static/ies/creator_center/static/js/lib-lodash.1d939bb4.js:2:124112)
    at t (https://sf16-website-login.neutral.ttwstatic.com/obj/tiktok_web_login_static/ies/creator_center/static/js/lib-lodash.1d939bb4.js:2:142994)
    at https://sf16-website-login.neutral.ttwstatic.com/obj/tiktok_web_login_static/ies/creator_center/static/js/lib-lodash.1d939bb4.js:2:143047
    at t.exports (https://sf16-website-login.neutral.ttwstatic.com/obj/tiktok_web_login_static/ies/creator_center/static/js/lib-lodash.1d939bb4.js:2:110833)
    at t (https://sf16-website-login.neutral.ttwstatic.com/obj/tiktok_web_login_static/ies/creator_center/static/js/lib-lodash.1d939bb4.js:2:143005)", source: https://sf16-website-login.neutral.ttwstatic.com/obj/tiktok_web_login_static/ies/creator_center/static/js/4954.fa0d3cb8.js (2)
[0918/234429.529:INFO:CONSOLE:2] "iterable.length has been deprecated, use iterable.size or iterable.count(). This warning will become a silent error in a future version. Error
    at Vt.get (https://sf16-website-login.neutral.ttwstatic.com/obj/tiktok_web_login_static/ies/creator_center/static/js/4954.fa0d3cb8.js:2:109331)
    at t.exports (https://sf16-website-login.neutral.ttwstatic.com/obj/tiktok_web_login_static/ies/creator_center/static/js/lib-lodash.1d939bb4.js:2:106229)
    at t.exports (https://sf16-website-login.neutral.ttwstatic.com/obj/tiktok_web_login_static/ies/creator_center/static/js/lib-lodash.1d939bb4.js:2:121340)
    at t.exports (https://sf16-website-login.neutral.ttwstatic.com/obj/tiktok_web_login_static/ies/creator_center/static/js/lib-lodash.1d939bb4.js:2:95395)
    at t.exports (https://sf16-website-login.neutral.ttwstatic.com/obj/tiktok_web_login_static/ies/creator_center/static/js/lib-lodash.1d939bb4.js:2:124112)
    at t (https://sf16-website-login.neutral.ttwstatic.com/obj/tiktok_web_login_static/ies/creator_center/static/js/lib-lodash.1d939bb4.js:2:142994)
    at https://sf16-website-login.neutral.ttwstatic.com/obj/tiktok_web_login_static/ies/creator_center/static/js/lib-lodash.1d939bb4.js:2:143047
    at t.exports (https://sf16-website-login.neutral.ttwstatic.com/obj/tiktok_web_login_static/ies/creator_center/static/js/lib-lodash.1d939bb4.js:2:110833)
    at t (https://sf16-website-login.neutral.ttwstatic.com/obj/tiktok_web_login_static/ies/creator_center/static/js/lib-lodash.1d939bb4.js:2:143005)
    at https://sf16-website-login.neutral.ttwstatic.com/obj/tiktok_web_login_static/ies/creator_center/static/js/lib-lodash.1d939bb4.js:2:143047", source: https://sf16-website-login.neutral.ttwstatic.com/obj/tiktok_web_login_static/ies/creator_center/static/js/4954.fa0d3cb8.js (2)
[0918/234429.529:INFO:CONSOLE:2] "iterable.length has been deprecated, use iterable.size or iterable.count(). This warning will become a silent error in a future version. Error
    at Vt.get (https://sf16-website-login.neutral.ttwstatic.com/obj/tiktok_web_login_static/ies/creator_center/static/js/4954.fa0d3cb8.js:2:109331)
    at t.exports (https://sf16-website-login.neutral.ttwstatic.com/obj/tiktok_web_login_static/ies/creator_center/static/js/lib-lodash.1d939bb4.js:2:17855)
    at t.exports (https://sf16-website-login.neutral.ttwstatic.com/obj/tiktok_web_login_static/ies/creator_center/static/js/lib-lodash.1d939bb4.js:2:112832)
    at t.exports (https://sf16-website-login.neutral.ttwstatic.com/obj/tiktok_web_login_static/ies/creator_center/static/js/lib-lodash.1d939bb4.js:2:121345)
    at t.exports (https://sf16-website-login.neutral.ttwstatic.com/obj/tiktok_web_login_static/ies/creator_center/static/js/lib-lodash.1d939bb4.js:2:95395)
    at t.exports (https://sf16-website-login.neutral.ttwstatic.com/obj/tiktok_web_login_static/ies/creator_center/static/js/lib-lodash.1d939bb4.js:2:124112)
    at t (https://sf16-website-login.neutral.ttwstatic.com/obj/tiktok_web_login_static/ies/creator_center/static/js/lib-lodash.1d939bb4.js:2:142994)
    at https://sf16-website-login.neutral.ttwstatic.com/obj/tiktok_web_login_static/ies/creator_center/static/js/lib-lodash.1d939bb4.js:2:143047
    at t.exports (https://sf16-website-login.neutral.ttwstatic.com/obj/tiktok_web_login_static/ies/creator_center/static/js/lib-lodash.1d939bb4.js:2:110833)
    at t (https://sf16-website-login.neutral.ttwstatic.com/obj/tiktok_web_login_static/ies/creator_center/static/js/lib-lodash.1d939bb4.js:2:143005)", source: https://sf16-website-login.neutral.ttwstatic.com/obj/tiktok_web_login_static/ies/creator_center/static/js/4954.fa0d3cb8.js (2)
[0918/234429.529:INFO:CONSOLE:2] "iterable.length has been deprecated, use iterable.size or iterable.count(). This warning will become a silent error in a future version. Error
    at He.get (https://sf16-website-login.neutral.ttwstatic.com/obj/tiktok_web_login_static/ies/creator_center/static/js/4954.fa0d3cb8.js:2:109331)
    at t.exports (https://sf16-website-login.neutral.ttwstatic.com/obj/tiktok_web_login_static/ies/creator_center/static/js/lib-lodash.1d939bb4.js:2:106229)
    at t.exports (https://sf16-website-login.neutral.ttwstatic.com/obj/tiktok_web_login_static/ies/creator_center/static/js/lib-lodash.1d939bb4.js:2:121340)
    at t.exports (https://sf16-website-login.neutral.ttwstatic.com/obj/tiktok_web_login_static/ies/creator_center/static/js/lib-lodash.1d939bb4.js:2:95395)
    at t.exports (https://sf16-website-login.neutral.ttwstatic.com/obj/tiktok_web_login_static/ies/creator_center/static/js/lib-lodash.1d939bb4.js:2:124112)
    at t (https://sf16-website-login.neutral.ttwstatic.com/obj/tiktok_web_login_static/ies/creator_center/static/js/lib-lodash.1d939bb4.js:2:142994)
    at https://sf16-website-login.neutral.ttwstatic.com/obj/tiktok_web_login_static/ies/creator_center/static/js/lib-lodash.1d939bb4.js:2:143047
    at t.exports (https://sf16-website-login.neutral.ttwstatic.com/obj/tiktok_web_login_static/ies/creator_center/static/js/lib-lodash.1d939bb4.js:2:110833)
    at t (https://sf16-website-login.neutral.ttwstatic.com/obj/tiktok_web_login_static/ies/creator_center/static/js/lib-lodash.1d939bb4.js:2:143005)
    at https://sf16-website-login.neutral.ttwstatic.com/obj/tiktok_web_login_static/ies/creator_center/static/js/lib-lodash.1d939bb4.js:2:143047", source: https://sf16-website-login.neutral.ttwstatic.com/obj/tiktok_web_login_static/ies/creator_center/static/js/4954.fa0d3cb8.js (2)
[0918/234429.529:INFO:CONSOLE:2] "iterable.length has been deprecated, use iterable.size or iterable.count(). This warning will become a silent error in a future version. Error
    at He.get (https://sf16-website-login.neutral.ttwstatic.com/obj/tiktok_web_login_static/ies/creator_center/static/js/4954.fa0d3cb8.js:2:109331)
    at t.exports (https://sf16-website-login.neutral.ttwstatic.com/obj/tiktok_web_login_static/ies/creator_center/static/js/lib-lodash.1d939bb4.js:2:17855)
    at t.exports (https://sf16-website-login.neutral.ttwstatic.com/obj/tiktok_web_login_static/ies/creator_center/static/js/lib-lodash.1d939bb4.js:2:112832)
    at t.exports (https://sf16-website-login.neutral.ttwstatic.com/obj/tiktok_web_login_static/ies/creator_center/static/js/lib-lodash.1d939bb4.js:2:121345)
    at t.exports (https://sf16-website-login.neutral.ttwstatic.com/obj/tiktok_web_login_static/ies/creator_center/static/js/lib-lodash.1d939bb4.js:2:95395)
    at t.exports (https://sf16-website-login.neutral.ttwstatic.com/obj/tiktok_web_login_static/ies/creator_center/static/js/lib-lodash.1d939bb4.js:2:124112)
    at t (https://sf16-website-login.neutral.ttwstatic.com/obj/tiktok_web_login_static/ies/creator_center/static/js/lib-lodash.1d939bb4.js:2:142994)
    at https://sf16-website-login.neutral.ttwstatic.com/obj/tiktok_web_login_static/ies/creator_center/static/js/lib-lodash.1d939bb4.js:2:143047
    at t.exports (https://sf16-website-login.neutral.ttwstatic.com/obj/tiktok_web_login_static/ies/creator_center/static/js/lib-lodash.1d939bb4.js:2:110833)
    at t (https://sf16-website-login.neutral.ttwstatic.com/obj/tiktok_web_login_static/ies/creator_center/static/js/lib-lodash.1d939bb4.js:2:143005)", source: https://sf16-website-login.neutral.ttwstatic.com/obj/tiktok_web_login_static/ies/creator_center/static/js/4954.fa0d3cb8.js (2)
[0918/234429.531:INFO:CONSOLE:2] "iterable.length has been deprecated, use iterable.size or iterable.count(). This warning will become a silent error in a future version. Error
    at xt.get (https://sf16-website-login.neutral.ttwstatic.com/obj/tiktok_web_login_static/ies/creator_center/static/js/4954.fa0d3cb8.js:2:109331)
    at t.exports (https://sf16-website-login.neutral.ttwstatic.com/obj/tiktok_web_login_static/ies/creator_center/static/js/lib-lodash.1d939bb4.js:2:106229)
    at t.exports (https://sf16-website-login.neutral.ttwstatic.com/obj/tiktok_web_login_static/ies/creator_center/static/js/lib-lodash.1d939bb4.js:2:121340)
    at t.exports (https://sf16-website-login.neutral.ttwstatic.com/obj/tiktok_web_login_static/ies/creator_center/static/js/lib-lodash.1d939bb4.js:2:95395)
    at t.exports (https://sf16-website-login.neutral.ttwstatic.com/obj/tiktok_web_login_static/ies/creator_center/static/js/lib-lodash.1d939bb4.js:2:124112)
    at t (https://sf16-website-login.neutral.ttwstatic.com/obj/tiktok_web_login_static/ies/creator_center/static/js/lib-lodash.1d939bb4.js:2:142994)
    at https://sf16-website-login.neutral.ttwstatic.com/obj/tiktok_web_login_static/ies/creator_center/static/js/lib-lodash.1d939bb4.js:2:143047
    at t.exports (https://sf16-website-login.neutral.ttwstatic.com/obj/tiktok_web_login_static/ies/creator_center/static/js/lib-lodash.1d939bb4.js:2:110833)
    at t (https://sf16-website-login.neutral.ttwstatic.com/obj/tiktok_web_login_static/ies/creator_center/static/js/lib-lodash.1d939bb4.js:2:143005)
    at https://sf16-website-login.neutral.ttwstatic.com/obj/tiktok_web_login_static/ies/creator_center/static/js/lib-lodash.1d939bb4.js:2:143047", source: https://sf16-website-login.neutral.ttwstatic.com/obj/tiktok_web_login_static/ies/creator_center/static/js/4954.fa0d3cb8.js (2)
[0918/234429.531:INFO:CONSOLE:2] "iterable.length has been deprecated, use iterable.size or iterable.count(). This warning will become a silent error in a future version. Error
    at xt.get (https://sf16-website-login.neutral.ttwstatic.com/obj/tiktok_web_login_static/ies/creator_center/static/js/4954.fa0d3cb8.js:2:109331)
    at t.exports (https://sf16-website-login.neutral.ttwstatic.com/obj/tiktok_web_login_static/ies/creator_center/static/js/lib-lodash.1d939bb4.js:2:17855)
    at t.exports (https://sf16-website-login.neutral.ttwstatic.com/obj/tiktok_web_login_static/ies/creator_center/static/js/lib-lodash.1d939bb4.js:2:112832)
    at t.exports (https://sf16-website-login.neutral.ttwstatic.com/obj/tiktok_web_login_static/ies/creator_center/static/js/lib-lodash.1d939bb4.js:2:121345)
    at t.exports (https://sf16-website-login.neutral.ttwstatic.com/obj/tiktok_web_login_static/ies/creator_center/static/js/lib-lodash.1d939bb4.js:2:95395)
    at t.exports (https://sf16-website-login.neutral.ttwstatic.com/obj/tiktok_web_login_static/ies/creator_center/static/js/lib-lodash.1d939bb4.js:2:124112)
    at t (https://sf16-website-login.neutral.ttwstatic.com/obj/tiktok_web_login_static/ies/creator_center/static/js/lib-lodash.1d939bb4.js:2:142994)
    at https://sf16-website-login.neutral.ttwstatic.com/obj/tiktok_web_login_static/ies/creator_center/static/js/lib-lodash.1d939bb4.js:2:143047
    at t.exports (https://sf16-website-login.neutral.ttwstatic.com/obj/tiktok_web_login_static/ies/creator_center/static/js/lib-lodash.1d939bb4.js:2:110833)
    at t (https://sf16-website-login.neutral.ttwstatic.com/obj/tiktok_web_login_static/ies/creator_center/static/js/lib-lodash.1d939bb4.js:2:143005)", source: https://sf16-website-login.neutral.ttwstatic.com/obj/tiktok_web_login_static/ies/creator_center/static/js/4954.fa0d3cb8.js (2)
[0918/234429.654:INFO:CONSOLE:1] "preUpload:  [object Object]", source: https://sf16-website-login.neutral.ttwstatic.com/obj/tiktok_web_login_static/ies/creator_center/static/js/async/7996.06a5c950.js (1)
[0918/234429.922:INFO:CONSOLE:1] "[enableDescriptionReform] [object Object]", source: https://sf16-website-login.neutral.ttwstatic.com/obj/tiktok_web_login_static/ies/creator_center/static/js/async/6502.6f32d9e5.js (1)
[0918/234429.923:INFO:CONSOLE:1] "[enableLongToShort] [object Object]", source: https://sf16-website-login.neutral.ttwstatic.com/obj/tiktok_web_login_static/ies/creator_center/static/js/async/6502.6f32d9e5.js (1)
[0918/234429.956:INFO:CONSOLE:1] "[enableDescriptionReform] [object Object]", source: https://sf16-website-login.neutral.ttwstatic.com/obj/tiktok_web_login_static/ies/creator_center/static/js/async/6502.6f32d9e5.js (1)
[0918/234429.956:INFO:CONSOLE:1] "[enableLongToShort] [object Object]", source: https://sf16-website-login.neutral.ttwstatic.com/obj/tiktok_web_login_static/ies/creator_center/static/js/async/6502.6f32d9e5.js (1)
[0918/234429.997:INFO:CONSOLE:1] "[enableDescriptionReform] [object Object]", source: https://sf16-website-login.neutral.ttwstatic.com/obj/tiktok_web_login_static/ies/creator_center/static/js/async/6502.6f32d9e5.js (1)
[0918/234429.997:INFO:CONSOLE:1] "[enableLongToShort] [object Object]", source: https://sf16-website-login.neutral.ttwstatic.com/obj/tiktok_web_login_static/ies/creator_center/static/js/async/6502.6f32d9e5.js (1)
[0918/234430.032:INFO:CONSOLE:1] "[enableDescriptionReform] [object Object]", source: https://sf16-website-login.neutral.ttwstatic.com/obj/tiktok_web_login_static/ies/creator_center/static/js/async/6502.6f32d9e5.js (1)
[0918/234430.033:INFO:CONSOLE:1] "[enableLongToShort] [object Object]", source: https://sf16-website-login.neutral.ttwstatic.com/obj/tiktok_web_login_static/ies/creator_center/static/js/async/6502.6f32d9e5.js (1)
[0918/234430.076:INFO:CONSOLE:1] "[enableDescriptionReform] [object Object]", source: https://sf16-website-login.neutral.ttwstatic.com/obj/tiktok_web_login_static/ies/creator_center/static/js/async/6502.6f32d9e5.js (1)
[0918/234430.077:INFO:CONSOLE:1] "[enableLongToShort] [object Object]", source: https://sf16-website-login.neutral.ttwstatic.com/obj/tiktok_web_login_static/ies/creator_center/static/js/async/6502.6f32d9e5.js (1)
[0918/234430.140:INFO:CONSOLE:1] "[enableDescriptionReform] [object Object]", source: https://sf16-website-login.neutral.ttwstatic.com/obj/tiktok_web_login_static/ies/creator_center/static/js/async/6502.6f32d9e5.js (1)
[0918/234430.144:INFO:CONSOLE:1] "[enableLongToShort] [object Object]", source: https://sf16-website-login.neutral.ttwstatic.com/obj/tiktok_web_login_static/ies/creator_center/static/js/async/6502.6f32d9e5.js (1)
[0918/234430.175:INFO:CONSOLE:1] "[enableDescriptionReform] [object Object]", source: https://sf16-website-login.neutral.ttwstatic.com/obj/tiktok_web_login_static/ies/creator_center/static/js/async/6502.6f32d9e5.js (1)
[0918/234430.176:INFO:CONSOLE:1] "[enableLongToShort] [object Object]", source: https://sf16-website-login.neutral.ttwstatic.com/obj/tiktok_web_login_static/ies/creator_center/static/js/async/6502.6f32d9e5.js (1)
[0918/234430.208:INFO:CONSOLE:1] "[enableDescriptionReform] [object Object]", source: https://sf16-website-login.neutral.ttwstatic.com/obj/tiktok_web_login_static/ies/creator_center/static/js/async/6502.6f32d9e5.js (1)
[0918/234430.208:INFO:CONSOLE:1] "[enableLongToShort] [object Object]", source: https://sf16-website-login.neutral.ttwstatic.com/obj/tiktok_web_login_static/ies/creator_center/static/js/async/6502.6f32d9e5.js (1)
[0918/234430.251:INFO:CONSOLE:1] "[enableDescriptionReform] [object Object]", source: https://sf16-website-login.neutral.ttwstatic.com/obj/tiktok_web_login_static/ies/creator_center/static/js/async/6502.6f32d9e5.js (1)
[0918/234430.251:INFO:CONSOLE:1] "[enableLongToShort] [object Object]", source: https://sf16-website-login.neutral.ttwstatic.com/obj/tiktok_web_login_static/ies/creator_center/static/js/async/6502.6f32d9e5.js (1)
[0918/234430.285:INFO:CONSOLE:1] "[enableDescriptionReform] [object Object]", source: https://sf16-website-login.neutral.ttwstatic.com/obj/tiktok_web_login_static/ies/creator_center/static/js/async/6502.6f32d9e5.js (1)
[0918/234430.292:INFO:CONSOLE:1] "[enableLongToShort] [object Object]", source: https://sf16-website-login.neutral.ttwstatic.com/obj/tiktok_web_login_static/ies/creator_center/static/js/async/6502.6f32d9e5.js (1)
[0918/234430.327:INFO:CONSOLE:1] "[enableDescriptionReform] [object Object]", source: https://sf16-website-login.neutral.ttwstatic.com/obj/tiktok_web_login_static/ies/creator_center/static/js/async/6502.6f32d9e5.js (1)
[0918/234430.327:INFO:CONSOLE:1] "[enableLongToShort] [object Object]", source: https://sf16-website-login.neutral.ttwstatic.com/obj/tiktok_web_login_static/ies/creator_center/static/js/async/6502.6f32d9e5.js (1)
[0918/234430.345:INFO:CONSOLE:1] "[performance] an error occurred when calling measure(file_1789764269315_136381-VIDEO_READY~file_1789764269315_136381-VIDEO_EDIT_READY,file_1789764269315_136381-VIDEO_READY,file_1789764269315_136381-VIDEO_EDIT_READY) [object DOMException]", source: https://sf16-website-login.neutral.ttwstatic.com/obj/tiktok_web_login_static/ies/creator_center/static/js/async/__federation_expose_routes.6df4b1f5.js (1)
[0918/234430.362:INFO:CONSOLE:1] "[enableDescriptionReform] [object Object]", source: https://sf16-website-login.neutral.ttwstatic.com/obj/tiktok_web_login_static/ies/creator_center/static/js/async/6502.6f32d9e5.js (1)
[0918/234430.363:INFO:CONSOLE:1] "[enableLongToShort] [object Object]", source: https://sf16-website-login.neutral.ttwstatic.com/obj/tiktok_web_login_static/ies/creator_center/static/js/async/6502.6f32d9e5.js (1)
[0918/234430.400:INFO:CONSOLE:1] "[enableDescriptionReform] [object Object]", source: https://sf16-website-login.neutral.ttwstatic.com/obj/tiktok_web_login_static/ies/creator_center/static/js/async/6502.6f32d9e5.js (1)
[0918/234430.404:INFO:CONSOLE:1] "[enableLongToShort] [object Object]", source: https://sf16-website-login.neutral.ttwstatic.com/obj/tiktok_web_login_static/ies/creator_center/static/js/async/6502.6f32d9e5.js (1)
[0918/234430.441:INFO:CONSOLE:1] "[enableDescriptionReform] [object Object]", source: https://sf16-website-login.neutral.ttwstatic.com/obj/tiktok_web_login_static/ies/creator_center/static/js/async/6502.6f32d9e5.js (1)
[0918/234430.445:INFO:CONSOLE:1] "[enableLongToShort] [object Object]", source: https://sf16-website-login.neutral.ttwstatic.com/obj/tiktok_web_login_static/ies/creator_center/static/js/async/6502.6f32d9e5.js (1)
[0918/234430.480:INFO:CONSOLE:1] "[enableDescriptionReform] [object Object]", source: https://sf16-website-login.neutral.ttwstatic.com/obj/tiktok_web_login_static/ies/creator_center/static/js/async/6502.6f32d9e5.js (1)
[0918/234430.480:INFO:CONSOLE:1] "[enableLongToShort] [object Object]", source: https://sf16-website-login.neutral.ttwstatic.com/obj/tiktok_web_login_static/ies/creator_center/static/js/async/6502.6f32d9e5.js (1)
[0918/234430.726:INFO:CONSOLE:0] "Access to XMLHttpRequest at 'https://mon.tiktokv.com/monitor_browser/collect/batch/?biz_id=tiktok_creator' from origin 'https://www.tiktok.com' has been blocked by CORS policy: Response to preflight request doesn't pass access control check: No 'Access-Control-Allow-Origin' header is present on the requested resource.", source: https://www.tiktok.com/tiktokstudio/upload (0)
[0918/234430.727:INFO:CONSOLE:0] "Access to XMLHttpRequest at 'https://mon.tiktokv.com/monitor_browser/collect/batch/?biz_id=tiktok_creator' from origin 'https://www.tiktok.com' has been blocked by CORS policy: Response to preflight request doesn't pass access control check: No 'Access-Control-Allow-Origin' header is present on the requested resource.", source: https://www.tiktok.com/tiktokstudio/upload (0)
[0918/234430.812:INFO:CONSOLE:1] "[Worker] Setting canvas...", source: https://www.tiktok.com/creator/worker/clip-forge-effect-sdk-worker.41e08505.js?web_creation_version=online (1)
[0918/234430.812:INFO:CONSOLE:1] "[Worker] setCanvas received: 1080x1080 pixelRatio: 1, external canvas provided: true", source: https://www.tiktok.com/creator/worker/clip-forge-effect-sdk-worker.41e08505.js?web_creation_version=online (1)
[0918/234430.812:INFO:CONSOLE:1] "[I:EffectWebSDK] ## 2026-09-18 23:44:30.734 [threadid:3426228,effect_wasm_api.cpp,299] INFO ## [EffectWebSDK]setOffscreenCanvas entered the function", source: https://sf16-website-login.neutral.ttwstatic.com/obj/tiktok_web_login_static/ies/creator_center/worker/effect_c.00da84ca.js (1)
[0918/234430.813:INFO:CONSOLE:1] "[I:EffectWebSDK] ## 2026-09-18 23:44:30.735 [threadid:3426228,effect_wasm_api.cpp,301] INFO ## [EffectWebSDK]setOffscreenCanvas not init", source: https://sf16-website-login.neutral.ttwstatic.com/obj/tiktok_web_login_static/ies/creator_center/worker/effect_c.00da84ca.js (1)
[0918/234430.813:INFO:CONSOLE:1] "[I:EffectWebSDK] ## 2026-09-18 23:44:30.735 [threadid:3426228,effect_wasm_api.cpp,305] INFO ## [EffectWebSDK]setOffscreenCanvas setting _width and _height = 1080, 1080", source: https://sf16-website-login.neutral.ttwstatic.com/obj/tiktok_web_login_static/ies/creator_center/worker/effect_c.00da84ca.js (1)
[0918/234430.813:INFO:CONSOLE:1] "[EffectWasmBind][create_context_from_offscreen_canvas] handle (number): 10 typeof: number Emval? object", source: https://sf16-website-login.neutral.ttwstatic.com/obj/tiktok_web_login_static/ies/creator_center/worker/effect_c.00da84ca.js (1)
[0918/234430.813:INFO:CONSOLE:1] "[EffectWasmBind][create_context_from_offscreen_canvas] obj: [object OffscreenCanvas] ctor: OffscreenCanvas isOSC: true size: 800 x 800", source: https://sf16-website-login.neutral.ttwstatic.com/obj/tiktok_web_login_static/ies/creator_center/worker/effect_c.00da84ca.js (1)
[0918/234430.901:INFO:CONSOLE:2] "WebCodecs probe failed: MediaCapabilities.decodingInfo returns: [object Object]", source: https://sf16-website-login.neutral.ttwstatic.com/obj/tiktok_web_login_static/ies/creator_center/static/js/4954.fa0d3cb8.js (2)
[0918/234430.903:INFO:CONSOLE:2] "VideoRenderer WebcodecMediaPlayer init failed, try to use CompatibleMediaPlayer Error: WebCodecs probe check failed", source: https://sf16-website-login.neutral.ttwstatic.com/obj/tiktok_web_login_static/ies/creator_center/static/js/4954.fa0d3cb8.js (2)
[0918/234430.967:INFO:CONSOLE:1] "[EffectWasmBind][create_context_from_offscreen_canvas] GL.createContext -> 3956408", source: https://sf16-website-login.neutral.ttwstatic.com/obj/tiktok_web_login_static/ies/creator_center/worker/effect_c.00da84ca.js (1)
[0918/234430.980:INFO:CONSOLE:1] "[I:EffectWebSDK] ## 2026-09-18 23:44:30.960 [threadid:3426228,effect_wasm_api.cpp,332] INFO ## [EffectWebSDK]setOffscreenCanvas finished, size = 1080x1080", source: https://sf16-website-login.neutral.ttwstatic.com/obj/tiktok_web_login_static/ies/creator_center/worker/effect_c.00da84ca.js (1)
[0918/234430.980:INFO:CONSOLE:1] "[I:EffectWebSDK] ## 2026-09-18 23:44:30.961 [threadid:3426228,effect_wasm_util.h,53] INFO ## [EffectWebSDK][profiler] setOffscreenCanvas 226.000000ms", source: https://sf16-website-login.neutral.ttwstatic.com/obj/tiktok_web_login_static/ies/creator_center/worker/effect_c.00da84ca.js (1)
[0918/234430.980:INFO:CONSOLE:1] "[I:EffectSDK-2120] [bef_info_sticker_api.cpp 2264] bef_info_sticker_director_create start.", source: https://sf16-website-login.neutral.ttwstatic.com/obj/tiktok_web_login_static/ies/creator_center/worker/effect_c.00da84ca.js (1)
[0918/234430.990:INFO:CONSOLE:1] "[I:EffectSDK-2120] [EffectABConfig.cpp 1794] EffectABConfig::init done", source: https://sf16-website-login.neutral.ttwstatic.com/obj/tiktok_web_login_static/ies/creator_center/worker/effect_c.00da84ca.js (1)
[0918/234430.990:INFO:CONSOLE:1] "[I:EffectSDK-2120] [EffectABConfig.cpp 2011] EffectABConfig::getABValue : license = "", key = "enable_build_in_sensor_service", value = 1", source: https://sf16-website-login.neutral.ttwstatic.com/obj/tiktok_web_login_static/ies/creator_center/worker/effect_c.00da84ca.js (1)
[0918/234430.990:INFO:CONSOLE:1] "[I:EffectSDK-2120] [InfoStickerDirector.cpp 925] InfoSticker: useAmazing: 1.", source: https://sf16-website-login.neutral.ttwstatic.com/obj/tiktok_web_login_static/ies/creator_center/worker/effect_c.00da84ca.js (1)
[0918/234431.120:INFO:CONSOLE:1] "[E:AE_GAME_TAG] ## 2026-09-18 23:44:31.055 [threadid:3426228,AMGNameManager.cpp,96] ERROR ## [AE_GAME_TAG]Hash Collision occurred, str1: V5, str2: UV", source: https://sf16-website-login.neutral.ttwstatic.com/obj/tiktok_web_login_static/ies/creator_center/worker/effect_c.00da84ca.js (1)
[0918/234431.121:INFO:CONSOLE:0] "Access to XMLHttpRequest at 'https://mon.tiktokv.com/monitor_browser/collect/batch/?biz_id=tiktok_creator' from origin 'https://www.tiktok.com' has been blocked by CORS policy: Response to preflight request doesn't pass access control check: No 'Access-Control-Allow-Origin' header is present on the requested resource.", source: https://www.tiktok.com/tiktokstudio/upload (0)
[0918/234431.121:INFO:CONSOLE:1] "[I:EffectSDK-2120] [EffectABConfig.cpp 2011] EffectABConfig::getABValue : license = "", key = "enable_infosticker_new_text_component", value = 1", source: https://sf16-website-login.neutral.ttwstatic.com/obj/tiktok_web_login_static/ies/creator_center/worker/effect_c.00da84ca.js (1)
[0918/234431.121:INFO:CONSOLE:1] "[I:EffectSDK-2120] [EffectABConfig.cpp 2011] EffectABConfig::getABValue : license = "", key = "enable_text_sdf_cache_split", value = 0", source: https://sf16-website-login.neutral.ttwstatic.com/obj/tiktok_web_login_static/ies/creator_center/worker/effect_c.00da84ca.js (1)
[0918/234431.121:INFO:CONSOLE:1] "[E:AE_GAME_TAG] ## 2026-09-18 23:44:31.082 [threadid:3426228,AMGAmazer.cpp,1397] ERROR ## [AE_GAME_TAG]KEY TRACE: init amazer, 0x7f86c0", source: https://sf16-website-login.neutral.ttwstatic.com/obj/tiktok_web_login_static/ies/creator_center/worker/effect_c.00da84ca.js (1)
[0918/234431.123:INFO:CONSOLE:1] "[I:AMG_RTTI_TAG] ## 2026-09-18 23:44:31.084 [threadid:3426228,AMGAmazer.cpp,800] INFO ## [AMG_RTTI_TAG]Amazer enable_optimize_amg_object_listener: false", source: https://sf16-website-login.neutral.ttwstatic.com/obj/tiktok_web_login_static/ies/creator_center/worker/effect_c.00da84ca.js (1)
[0918/234431.123:INFO:CONSOLE:1] "[I:AMG_RTTI_TAG] ## 2026-09-18 23:44:31.085 [threadid:3426228,AMGObjectManager.cpp,151] INFO ## [AMG_RTTI_TAG]ObjectManager enable_optimize_amg_object_listener: false", source: https://sf16-website-login.neutral.ttwstatic.com/obj/tiktok_web_login_static/ies/creator_center/worker/effect_c.00da84ca.js (1)
[0918/234431.123:INFO:CONSOLE:1] "[I:AMG_ASSET_TAG] ## 2026-09-18 23:44:31.090 [threadid:3426228,AMGAssetRegistry.cpp,144] INFO ## [AMG_ASSET_TAG]AssetRegistry::initInstanceCache(), vfsCacheCapacity = 5", source: https://sf16-website-login.neutral.ttwstatic.com/obj/tiktok_web_login_static/ies/creator_center/worker/effect_c.00da84ca.js (1)
[0918/234431.123:INFO:CONSOLE:1] "[E:AE_GAME_TAG] ## 2026-09-18 23:44:31.091 [threadid:3426228,DFDocument.cpp,83] ERROR ## [AE_GAME_TAG]init Doc: buildin/doc#0", source: https://sf16-website-login.neutral.ttwstatic.com/obj/tiktok_web_login_static/ies/creator_center/worker/effect_c.00da84ca.js (1)
[0918/234431.123:INFO:CONSOLE:1] "[I:ExecutorsWrapper] ## 2026-09-18 23:44:31.092 [threadid:3426228,AMGExecutorsWrapper.h,30] INFO ## [ExecutorsWrapper]openV1RHI = 0", source: https://sf16-website-login.neutral.ttwstatic.com/obj/tiktok_web_login_static/ies/creator_center/worker/effect_c.00da84ca.js (1)
[0918/234431.123:INFO:CONSOLE:1] "[I:ExecutorsSettings] ## 2026-09-18 23:44:31.092 [threadid:3426228,AMGExecutors.cpp,45] INFO ## [ExecutorsSettings]Executors::addExpectedConfig settings = ", source: https://sf16-website-login.neutral.ttwstatic.com/obj/tiktok_web_login_static/ies/creator_center/worker/effect_c.00da84ca.js (1)
[0918/234431.123:INFO:CONSOLE:1] "[I:ExecutorsSettings] ## 2026-09-18 23:44:31.093 [threadid:3426228,AMGExecutors.cpp,45] INFO ## [ExecutorsSettings]Executors::addExpectedConfig settings = ", source: https://sf16-website-login.neutral.ttwstatic.com/obj/tiktok_web_login_static/ies/creator_center/worker/effect_c.00da84ca.js (1)
[0918/234431.123:INFO:CONSOLE:1] "[I:AE_EFFECT_TAG] ## 2026-09-18 23:44:31.093 [threadid:3426228,AMGAmazer.cpp,523] INFO ## [AE_EFFECT_TAG]Amazer::_createAsyncExecutor() basic_local_executors_settings = ", source: https://sf16-website-login.neutral.ttwstatic.com/obj/tiktok_web_login_static/ies/creator_center/worker/effect_c.00da84ca.js (1)
[0918/234431.131:INFO:CONSOLE:1] "[I:AE_EFFECT_TAG] ## 2026-09-18 23:44:31.093 [threadid:3426228,AMGAmazer.cpp,524] INFO ## [AE_EFFECT_TAG]Amazer::_createAsyncExecutor() basic_global_executors_settings = ", source: https://sf16-website-login.neutral.ttwstatic.com/obj/tiktok_web_login_static/ies/creator_center/worker/effect_c.00da84ca.js (1)
[0918/234431.131:INFO:CONSOLE:1] "[I:AE_EFFECT_TAG] ## 2026-09-18 23:44:31.093 [threadid:3426228,AMGAmazer.cpp,642] INFO ## [AE_EFFECT_TAG]Amazer::_createAsyncExecutor() m_executorsAlgorithmWorkerCount = 0", source: https://sf16-website-login.neutral.ttwstatic.com/obj/tiktok_web_login_static/ies/creator_center/worker/effect_c.00da84ca.js (1)
[0918/234431.131:INFO:CONSOLE:1] "[I:AE_EFFECT_TAG] ## 2026-09-18 23:44:31.094 [threadid:3426228,AMGAmazer.cpp,743] INFO ## [AE_EFFECT_TAG]AssetAsyncExecutor initialized, asyncExecutorCpuThreadNums 0, local CPU worker nums = 0.", source: https://sf16-website-login.neutral.ttwstatic.com/obj/tiktok_web_login_static/ies/creator_center/worker/effect_c.00da84ca.js (1)
[0918/234431.131:INFO:CONSOLE:1] "[I:AE_EFFECT_TAG] ## 2026-09-18 23:44:31.094 [threadid:3426228,AMGExecutors.cpp,327] INFO ## [AE_EFFECT_TAG]Executors::config, settings =  DiskIO info = DiskIO worker count = 0 CPU info = CPU worker count = 0 GPU info = GPU worker count = 0 RHI info = RHI worker count = 0 Algorithm info = Algorithm worker count = 0 Background info = Background worker count = 0", source: https://sf16-website-login.neutral.ttwstatic.com/obj/tiktok_web_login_static/ies/creator_center/worker/effect_c.00da84ca.js (1)
[0918/234431.131:INFO:CONSOLE:1] "[E:AE_GAME_TAG] ## 2026-09-18 23:44:31.095 [threadid:3426228,AMGUniformBuiltinName.h,663] ERROR ## [AE_GAME_TAG]ENABLE_NAME_OPTIMIZE: false", source: https://sf16-website-login.neutral.ttwstatic.com/obj/tiktok_web_login_static/ies/creator_center/worker/effect_c.00da84ca.js (1)
[0918/234431.131:INFO:CONSOLE:1] "[E:WebAudio] ## 2026-09-18 23:44:31.096 [threadid:3426228,AMGWebAudioEngine.cpp,29] ERROR ## [WebAudio]WebAudioPlayer create internal failed!", source: https://sf16-website-login.neutral.ttwstatic.com/obj/tiktok_web_login_static/ies/creator_center/worker/effect_c.00da84ca.js (1)
[0918/234431.131:INFO:CONSOLE:1] "[E:AE_GAME_TAG] ## 2026-09-18 23:44:31.096 [threadid:3426228,AMGAssert.cpp,57] ERROR ## [AE_GAME_TAG]AMGAssert failed: internal != nullptr at /Users/bytedance/dev/long_short/tiktok_effectsdk/AmazingEngine/Features/Others/MediaModule/AMGAudioManager.cpp(27)", source: https://sf16-website-login.neutral.ttwstatic.com/obj/tiktok_web_login_static/ies/creator_center/worker/effect_c.00da84ca.js (1)
[0918/234431.131:INFO:CONSOLE:1] "[I:AMG_RTTI_TAG] ## 2026-09-18 23:44:31.098 [threadid:3426228,AMGEventCenter.cpp,35] INFO ## [AMG_RTTI_TAG]EventCenter enable_optimize_amg_object_listener: false", source: https://sf16-website-login.neutral.ttwstatic.com/obj/tiktok_web_login_static/ies/creator_center/worker/effect_c.00da84ca.js (1)
[0918/234431.160:INFO:CONSOLE:1] "[I:AE_JSRUNTIME_TAG] ## 2026-09-18 23:44:31.125 [threadid:3426228,AMGJSManager.cpp,168] WARNING ## [AE_JSRUNTIME_TAG]enable js operation lock: 0", source: https://sf16-website-login.neutral.ttwstatic.com/obj/tiktok_web_login_static/ies/creator_center/worker/effect_c.00da84ca.js (1)
[0918/234431.160:INFO:CONSOLE:1] "[I:AE_JSRUNTIME_TAG] ## 2026-09-18 23:44:31.126 [threadid:3426228,Platform.cpp,100] SYSTEM ## [AE_JSRUNTIME_TAG]CreateRuntime start | type: 0 taskMode: 0", source: https://sf16-website-login.neutral.ttwstatic.com/obj/tiktok_web_login_static/ies/creator_center/worker/effect_c.00da84ca.js (1)
[0918/234431.160:INFO:CONSOLE:1] "[I:AE_JSRUNTIME_TAG] ## 2026-09-18 23:44:31.127 [threadid:3426228,Platform.cpp,212] WARNING ## [AE_JSRUNTIME_TAG]CreateRuntime failed | platform == nullptr", source: https://sf16-website-login.neutral.ttwstatic.com/obj/tiktok_web_login_static/ies/creator_center/worker/effect_c.00da84ca.js (1)
[0918/234431.160:INFO:CONSOLE:1] "[I:AE_JSRUNTIME_TAG] ## 2026-09-18 23:44:31.127 [threadid:3426228,Platform.cpp,100] SYSTEM ## [AE_JSRUNTIME_TAG]CreateRuntime start | type: 2 taskMode: 0", source: https://sf16-website-login.neutral.ttwstatic.com/obj/tiktok_web_login_static/ies/creator_center/worker/effect_c.00da84ca.js (1)
[0918/234431.162:INFO:CONSOLE:1] "[I:AE_JSRUNTIME_TAG] ## 2026-09-18 23:44:31.127 [threadid:3426228,Platform.cpp,107] SYSTEM ## [AE_JSRUNTIME_TAG]CreateRuntime | use runtimeId: 0", source: https://sf16-website-login.neutral.ttwstatic.com/obj/tiktok_web_login_static/ies/creator_center/worker/effect_c.00da84ca.js (1)
[0918/234431.162:INFO:CONSOLE:1] "[I:AE_JSRUNTIME_TAG] ## 2026-09-18 23:44:31.128 [threadid:3426228,Platform.cpp,121] SYSTEM ## [AE_JSRUNTIME_TAG]CreateRuntime | enableQuickJSDebugger: 0", source: https://sf16-website-login.neutral.ttwstatic.com/obj/tiktok_web_login_static/ies/creator_center/worker/effect_c.00da84ca.js (1)
[0918/234431.162:INFO:CONSOLE:1] "[I:AE_GAME_TAG] ## 2026-09-18 23:44:31.129 [threadid:3426228,AMGPThread.cpp,70] SYSTEM ## [AE_GAME_TAG]PThread Create Success [9936568]", source: https://sf16-website-login.neutral.ttwstatic.com/obj/tiktok_web_login_static/ies/creator_center/worker/effect_c.00da84ca.js (1)
[0918/234431.162:INFO:CONSOLE:1] "[I:AE_GAME_TAG] ## 2026-09-18 23:44:31.130 [threadid:3426228,AMGPThread.cpp,70] SYSTEM ## [AE_GAME_TAG]PThread Create Success [10985952]", source: https://sf16-website-login.neutral.ttwstatic.com/obj/tiktok_web_login_static/ies/creator_center/worker/effect_c.00da84ca.js (1)
[0918/234431.162:INFO:CONSOLE:1] "[I:AE_JSRUNTIME_TAG] ## 2026-09-18 23:44:31.131 [threadid:3426228,Engine.cpp,22] SYSTEM ## [AE_JSRUNTIME_TAG]Engine::init begin 0x9792fc | taskMode: 0", source: https://sf16-website-login.neutral.ttwstatic.com/obj/tiktok_web_login_static/ies/creator_center/worker/effect_c.00da84ca.js (1)
[0918/234431.162:INFO:CONSOLE:1] "[I:AE_JSRUNTIME_TAG] ## 2026-09-18 23:44:31.131 [threadid:3426228,Engine.cpp,33] SYSTEM ## [AE_JSRUNTIME_TAG]Engine::init | SetupRunner finished 0x8eafc4", source: https://sf16-website-login.neutral.ttwstatic.com/obj/tiktok_web_login_static/ies/creator_center/worker/effect_c.00da84ca.js (1)
[0918/234431.166:INFO:CONSOLE:1] "[I:AE_JSRUNTIME_TAG] ## 2026-09-18 23:44:31.134 [threadid:3426228,QuickJSVM.cpp,18] INFO ## [AE_JSRUNTIME_TAG]create QuickJSVM with runtimeInfo effect", source: https://sf16-website-login.neutral.ttwstatic.com/obj/tiktok_web_login_static/ies/creator_center/worker/effect_c.00da84ca.js (1)
[0918/234431.166:INFO:CONSOLE:1] "[I:AE_JSRUNTIME_TAG] ## 2026-09-18 23:44:31.134 [threadid:3426228,Engine.cpp,38] SYSTEM ## [AE_JSRUNTIME_TAG]Engine::init task | create m_vm 0x939914", source: https://sf16-website-login.neutral.ttwstatic.com/obj/tiktok_web_login_static/ies/creator_center/worker/effect_c.00da84ca.js (1)
[0918/234431.166:INFO:CONSOLE:1] "[I:AE_JSRUNTIME_TAG] ## 2026-09-18 23:44:31.134 [threadid:3426228,Platform.cpp,133] SYSTEM ## [AE_JSRUNTIME_TAG]CreateRuntime | engine inited", source: https://sf16-website-login.neutral.ttwstatic.com/obj/tiktok_web_login_static/ies/creator_center/worker/effect_c.00da84ca.js (1)
[0918/234431.166:INFO:CONSOLE:1] "[I:AE_JSRUNTIME_TAG] ## 2026-09-18 23:44:31.135 [threadid:3426228,ContextExecutor.cpp,39] SYSTEM ## [AE_JSRUNTIME_TAG]ContextExecutor::init begin 0x979334", source: https://sf16-website-login.neutral.ttwstatic.com/obj/tiktok_web_login_static/ies/creator_center/worker/effect_c.00da84ca.js (1)
[0918/234431.180:INFO:CONSOLE:1] "[I:AE_JSRUNTIME_TAG] ## 2026-09-18 23:44:31.135 [threadid:3426228,ContextExecutor.cpp,60] SYSTEM ## [AE_JSRUNTIME_TAG]ContextExecutor::init task begin | m_engine 0x9792fc", source: https://sf16-website-login.neutral.ttwstatic.com/obj/tiktok_web_login_static/ies/creator_center/worker/effect_c.00da84ca.js (1)
[0918/234431.180:INFO:CONSOLE:1] "[I:AE_JSRUNTIME_TAG] ## 2026-09-18 23:44:31.136 [threadid:3426228,Context.cpp,49] SYSTEM ## [AE_JSRUNTIME_TAG]Context ctor 0x8eb054 | m_env 0x8eb070", source: https://sf16-website-login.neutral.ttwstatic.com/obj/tiktok_web_login_static/ies/creator_center/worker/effect_c.00da84ca.js (1)
[0918/234431.180:INFO:CONSOLE:1] "[I:AE_JSRUNTIME_TAG] ## 2026-09-18 23:44:31.142 [threadid:3426228,ContextExecutor.cpp,67] SYSTEM ## [AE_JSRUNTIME_TAG]ContextExecutor::init task begin | init m_context 0x8eb054", source: https://sf16-website-login.neutral.ttwstatic.com/obj/tiktok_web_login_static/ies/creator_center/worker/effect_c.00da84ca.js (1)
[0918/234431.180:INFO:CONSOLE:1] "[I:AE_JSRUNTIME_TAG] ## 2026-09-18 23:44:31.143 [threadid:3426228,ContextExecutor.cpp,80] SYSTEM ## [AE_JSRUNTIME_TAG]ContextExecutor::init task end", source: https://sf16-website-login.neutral.ttwstatic.com/obj/tiktok_web_login_static/ies/creator_center/worker/effect_c.00da84ca.js (1)
[0918/234431.180:INFO:CONSOLE:1] "[I:AE_JSRUNTIME_TAG] ## 2026-09-18 23:44:31.143 [threadid:3426228,Platform.cpp,137] SYSTEM ## [AE_JSRUNTIME_TAG]CreateRuntime | contextExecutor inited", source: https://sf16-website-login.neutral.ttwstatic.com/obj/tiktok_web_login_static/ies/creator_center/worker/effect_c.00da84ca.js (1)
[0918/234431.180:INFO:CONSOLE:1] "[I:AE_JSRUNTIME_TAG] ## 2026-09-18 23:44:31.144 [threadid:3426228,Context.cpp,112] WARNING ## [AE_JSRUNTIME_TAG]RequireModule not found", source: https://sf16-website-login.neutral.ttwstatic.com/obj/tiktok_web_login_static/ies/creator_center/worker/effect_c.00da84ca.js (1)
[0918/234431.186:INFO:CONSOLE:1] "[I:AE_JSRUNTIME_TAG] ## 2026-09-18 23:44:31.177 [threadid:3426228,Platform.cpp,187] SYSTEM ## [AE_JSRUNTIME_TAG]CreateRuntime task finished", source: https://sf16-website-login.neutral.ttwstatic.com/obj/tiktok_web_login_static/ies/creator_center/worker/effect_c.00da84ca.js (1)
[0918/234431.186:INFO:CONSOLE:1] "[I:AE_JSRUNTIME_TAG] ## 2026-09-18 23:44:31.177 [threadid:3426228,Platform.cpp,198] SYSTEM ## [AE_JSRUNTIME_TAG]CreateRuntime end", source: https://sf16-website-login.neutral.ttwstatic.com/obj/tiktok_web_login_static/ies/creator_center/worker/effect_c.00da84ca.js (1)
[0918/234431.186:INFO:CONSOLE:1] "[I:FirstFrameAssetInfo] ## 2026-09-18 23:44:31.178 [threadid:3426228,AMGJSLoader.cpp,440] INFO ## [FirstFrameAssetInfo]ENABLE_JS_PRELOAD_READ_SOURCE_OPT: 0", source: https://sf16-website-login.neutral.ttwstatic.com/obj/tiktok_web_login_static/ies/creator_center/worker/effect_c.00da84ca.js (1)
[0918/234431.186:INFO:CONSOLE:1] "[E:AE_GAME_TAG] ## 2026-09-18 23:44:31.179 [threadid:3426228,AMGAmazer.cpp,2346] ERROR ## [AE_GAME_TAG]initVECodecContext: vecodec_callback is nullptr.", source: https://sf16-website-login.neutral.ttwstatic.com/obj/tiktok_web_login_static/ies/creator_center/worker/effect_c.00da84ca.js (1)
[0918/234431.186:INFO:CONSOLE:1] "[I:EffectSDK-2120] [EffectABConfig.cpp 2011] EffectABConfig::getABValue : license = "", key = "enable_resize_info_sticker_when_load", value = 0", source: https://sf16-website-login.neutral.ttwstatic.com/obj/tiktok_web_login_static/ies/creator_center/worker/effect_c.00da84ca.js (1)
[0918/234431.186:INFO:CONSOLE:1] "[I:EffectSDK-2120] [EffectABConfig.cpp 2015] EffectABConfig::getABValue : license = "", key = "resize_info_sticker_when_load_max_size", value = 0", source: https://sf16-website-login.neutral.ttwstatic.com/obj/tiktok_web_login_static/ies/creator_center/worker/effect_c.00da84ca.js (1)
[0918/234431.187:INFO:CONSOLE:1] "[E:AE_GAME_TAG] ## 2026-09-18 23:44:31.181 [threadid:3426228,AMGJSScriptSystem.cpp,118] ERROR ## [AE_GAME_TAG]JSScriptSystem Optimize Restart JSModule Is True!!", source: https://sf16-website-login.neutral.ttwstatic.com/obj/tiktok_web_login_static/ies/creator_center/worker/effect_c.00da84ca.js (1)
[0918/234431.199:INFO:CONSOLE:1] "[I:BuiltinObjectSystem] ## 2026-09-18 23:44:31.183 [threadid:3426228,AMGBuiltinObjectSystem.cpp,32] INFO ## [BuiltinObjectSystem]m_enableFixWhenSyncBuiltinTextures 0", source: https://sf16-website-login.neutral.ttwstatic.com/obj/tiktok_web_login_static/ies/creator_center/worker/effect_c.00da84ca.js (1)
[0918/234431.201:INFO:CONSOLE:1] "[E:AE_GAME_TAG] ## 2026-09-18 23:44:31.188 [threadid:3426228,AMGJSScriptSystem.cpp,118] ERROR ## [AE_GAME_TAG]JSScriptSystem Optimize Restart JSModule Is True!!", source: https://sf16-website-login.neutral.ttwstatic.com/obj/tiktok_web_login_static/ies/creator_center/worker/effect_c.00da84ca.js (1)
[0918/234431.202:INFO:CONSOLE:1] "[I:BuiltinObjectSystem] ## 2026-09-18 23:44:31.189 [threadid:3426228,AMGBuiltinObjectSystem.cpp,32] INFO ## [BuiltinObjectSystem]m_enableFixWhenSyncBuiltinTextures 0", source: https://sf16-website-login.neutral.ttwstatic.com/obj/tiktok_web_login_static/ies/creator_center/worker/effect_c.00da84ca.js (1)
[0918/234431.202:INFO:CONSOLE:1] "[E:AE_GAME_TAG] ## 2026-09-18 23:44:31.191 [threadid:3426228,AMGAmazer.cpp,1463] ERROR ## [AE_GAME_TAG]KEY TRACE: onLoad amazer, 0x7f86c0", source: https://sf16-website-login.neutral.ttwstatic.com/obj/tiktok_web_login_static/ies/creator_center/worker/effect_c.00da84ca.js (1)
[0918/234431.202:INFO:CONSOLE:1] "[I:AE_GAME_TAG] ## 2026-09-18 23:44:31.192 [threadid:3426228,AMGRendererDeviceManager.cpp,730] INFO ## [AE_GAME_TAG]init RendererDeviceManager with m_stubContextOptConfig 0", source: https://sf16-website-login.neutral.ttwstatic.com/obj/tiktok_web_login_static/ies/creator_center/worker/effect_c.00da84ca.js (1)
[0918/234431.202:INFO:CONSOLE:1] "[I:AGFX_TAG] ## 2026-09-18 23:44:31.192 [threadid:3426228,RendererGLES2.cpp,1169] INFO ## [AGFX_TAG]Apply ABConfig GLESOptDisableLogInfo to 1", source: https://sf16-website-login.neutral.ttwstatic.com/obj/tiktok_web_login_static/ies/creator_center/worker/effect_c.00da84ca.js (1)
[0918/234431.202:INFO:CONSOLE:1] "[I:AGFX_TAG] ## 2026-09-18 23:44:31.193 [threadid:3426228,GraphicDevice.cpp,237] INFO ## [AGFX_TAG]RendererDevice GLES30", source: https://sf16-website-login.neutral.ttwstatic.com/obj/tiktok_web_login_static/ies/creator_center/worker/effect_c.00da84ca.js (1)
[0918/234431.202:INFO:CONSOLE:1] "[I:AGFX_TAG] ## 2026-09-18 23:44:31.193 [threadid:3426228,GPDeviceWrapper.cpp,101] INFO ## [AGFX_TAG]NewAGFXDevice AmazingEngineMainDevice, 0xb97878", source: https://sf16-website-login.neutral.ttwstatic.com/obj/tiktok_web_login_static/ies/creator_center/worker/effect_c.00da84ca.js (1)
[0918/234431.202:INFO:CONSOLE:1] "[I:AGFX_TAG] ## 2026-09-18 23:44:31.193 [threadid:3426228,GPDevice.inc.h,13] INFO ## [AGFX_TAG]init GPDevice 0xb97878 with RendererType OpenGLES30", source: https://sf16-website-login.neutral.ttwstatic.com/obj/tiktok_web_login_static/ies/creator_center/worker/effect_c.00da84ca.js (1)
[0918/234431.202:INFO:CONSOLE:1] "[I:AGFX_TAG] ## 2026-09-18 23:44:31.194 [threadid:3426228,RendererGLES2.cpp,1497] INFO ## [AGFX_TAG]not using contextSink", source: https://sf16-website-login.neutral.ttwstatic.com/obj/tiktok_web_login_static/ies/creator_center/worker/effect_c.00da84ca.js (1)
[0918/234431.202:INFO:CONSOLE:1] "[I:AGFX_TAG] ## 2026-09-18 23:44:31.197 [threadid:3426228,RendererGLES30.cpp,657] INFO ## [AGFX_TAG]GL_NUM_PROGRAM_BINARY_FORMATS: 0
", source: https://sf16-website-login.neutral.ttwstatic.com/obj/tiktok_web_login_static/ies/creator_center/worker/effect_c.00da84ca.js (1)
[0918/234431.202:INFO:CONSOLE:1] "[I:MultiThreadingDebug] ## 2026-09-18 23:44:31.197 [threadid:3426228,AMGJobStrategyManager.cpp,179] INFO ## [MultiThreadingDebug]configParallelStaticEnable, abValue 0, algor on false, render on false, blitStep on false, m_commandBatchSize 0,0", source: https://sf16-website-login.neutral.ttwstatic.com/obj/tiktok_web_login_static/ies/creator_center/worker/effect_c.00da84ca.js (1)
[0918/234431.202:INFO:CONSOLE:1] "[I:RHI_LOG_TAG] ## 2026-09-18 23:44:31.197 [threadid:3426228,AMGRHIRendererDeviceContextManager.cpp,72] INFO ## [RHI_LOG_TAG]RendererDeviceContextManager::init", source: https://sf16-website-login.neutral.ttwstatic.com/obj/tiktok_web_login_static/ies/creator_center/worker/effect_c.00da84ca.js (1)
[0918/234431.202:INFO:CONSOLE:1] "[I:RHIPrivateDeviceBindCache] ## 2026-09-18 23:44:31.198 [threadid:3426228,AMGRHICommonAdapter.cpp,464] INFO ## [RHIPrivateDeviceBindCache]m_rhiThreadBindMainContext 0", source: https://sf16-website-login.neutral.ttwstatic.com/obj/tiktok_web_login_static/ies/creator_center/worker/effect_c.00da84ca.js (1)
[0918/234431.202:INFO:CONSOLE:1] "[I:RHI_LOG_TAG] ## 2026-09-18 23:44:31.198 [threadid:3426228,AMGRHIDeviceBase.cpp,39] SYSTEM ## [RHI_LOG_TAG]DeviceContext::init 8", source: https://sf16-website-login.neutral.ttwstatic.com/obj/tiktok_web_login_static/ies/creator_center/worker/effect_c.00da84ca.js (1)
[0918/234431.202:INFO:CONSOLE:1] "[I:RHI_LOG_TAG] ## 2026-09-18 23:44:31.198 [threadid:3426228,AMGRHIDeviceBase.cpp,39] SYSTEM ## [RHI_LOG_TAG]DeviceContext::init 8", source: https://sf16-website-login.neutral.ttwstatic.com/obj/tiktok_web_login_static/ies/creator_center/worker/effect_c.00da84ca.js (1)
[0918/234431.209:INFO:CONSOLE:1] "[I:AE_TEXT_TAG] ## 2026-09-18 23:44:31.200 [threadid:3426228,AMGGlobalTextCacheManager.cpp,80] INFO ## [AE_TEXT_TAG]max size for texture2D is 8192
", source: https://sf16-website-login.neutral.ttwstatic.com/obj/tiktok_web_login_static/ies/creator_center/worker/effect_c.00da84ca.js (1)
[0918/234431.209:INFO:CONSOLE:1] "[I:EffectSDK-2120] [bef_info_sticker_api.cpp 2280] bef_info_sticker_director_create success: pointer: 0x42f060", source: https://sf16-website-login.neutral.ttwstatic.com/obj/tiktok_web_login_static/ies/creator_center/worker/effect_c.00da84ca.js (1)
[0918/234431.209:INFO:CONSOLE:1] "[I:EffectSDK-2120] [bef_info_sticker_api.cpp 81] bef_info_sticker_set_width_height: handle = 0x42f060  width = 1080  height = 1080 ", source: https://sf16-website-login.neutral.ttwstatic.com/obj/tiktok_web_login_static/ies/creator_center/worker/effect_c.00da84ca.js (1)
[0918/234431.576:INFO:CONSOLE:1] "get long to short file params timeout", source: https://sf16-website-login.neutral.ttwstatic.com/obj/tiktok_web_login_static/ies/creator_center/static/js/async/Form.6dae7a79.js (1)
[0918/234431.697:INFO:CONSOLE:1] "[performance] an error occurred when calling measure(file_1789764269315_136381-VIDEO_READY~file_1789764269315_136381-VIDEO_COVER_PREVIEW_READY,file_1789764269315_136381-VIDEO_READY,file_1789764269315_136381-VIDEO_COVER_PREVIEW_READY) [object DOMException]", source: https://sf16-website-login.neutral.ttwstatic.com/obj/tiktok_web_login_static/ies/creator_center/static/js/async/__federation_expose_routes.6df4b1f5.js (1)
[0918/234432.241:INFO:CONSOLE:1] "[I:EffectWebSDK] ## 2026-09-18 23:44:32.241 [threadid:3426228,effect_wasm_api.cpp,1397] INFO ## [EffectWebSDK]bef_info_sticker_set_sys_fontpaths 10", source: https://sf16-website-login.neutral.ttwstatic.com/obj/tiktok_web_login_static/ies/creator_center/worker/effect_c.00da84ca.js (1)
[0918/234432.322:INFO:CONSOLE:0] "Access to XMLHttpRequest at 'https://mon.tiktokv.com/monitor_browser/collect/batch/?biz_id=tiktok_creator' from origin 'https://www.tiktok.com' has been blocked by CORS policy: Response to preflight request doesn't pass access control check: No 'Access-Control-Allow-Origin' header is present on the requested resource.", source: https://www.tiktok.com/tiktokstudio/upload (0)
[0918/234432.888:INFO:CONSOLE:0] "Access to XMLHttpRequest at 'https://mon-va.byteoversea.com/monitor_browser/collect/batch/?biz_id=clip_forge' from origin 'https://www.tiktok.com' has been blocked by CORS policy: Response to preflight request doesn't pass access control check: No 'Access-Control-Allow-Origin' header is present on the requested resource.", source: https://www.tiktok.com/tiktokstudio/upload (0)
[0918/234432.959:INFO:CONSOLE:0] "Access to XMLHttpRequest at 'https://mon.tiktokv.com/monitor_browser/collect/batch/?biz_id=oec_seller_add_product' from origin 'https://www.tiktok.com' has been blocked by CORS policy: Response to preflight request doesn't pass access control check: No 'Access-Control-Allow-Origin' header is present on the requested resource.", source: https://www.tiktok.com/tiktokstudio/upload (0)
[0918/234432.962:INFO:CONSOLE:0] "Access to XMLHttpRequest at 'https://mon.tiktokv.com/monitor_browser/collect/batch/?biz_id=tiktok_creator_center' from origin 'https://www.tiktok.com' has been blocked by CORS policy: Response to preflight request doesn't pass access control check: No 'Access-Control-Allow-Origin' header is present on the requested resource.", source: https://www.tiktok.com/tiktokstudio/upload (0)
[0918/234434.677:INFO:CONSOLE:0] "Access to XMLHttpRequest at 'https://mon-va.byteoversea.com/monitor_browser/collect/batch/?biz_id=clip_forge' from origin 'https://www.tiktok.com' has been blocked by CORS policy: Response to preflight request doesn't pass access control check: No 'Access-Control-Allow-Origin' header is present on the requested resource.", source: https://www.tiktok.com/tiktokstudio/upload (0)
[0918/234434.970:INFO:CONSOLE:0] "Access to fetch at 'https://mon.tiktokv.com/monitor_browser/collect/batch/?bid=tiktok_pns_web_runtime' from origin 'https://www.tiktok.com' has been blocked by CORS policy: Response to preflight request doesn't pass access control check: No 'Access-Control-Allow-Origin' header is present on the requested resource.", source: https://www.tiktok.com/tiktokstudio/upload (0)
[0918/234435.576:INFO:CONSOLE:0] "Access to XMLHttpRequest at 'https://mon.tiktokv.com/monitor_browser/collect/batch/?biz_id=tiktok_creator_center' from origin 'https://www.tiktok.com' has been blocked by CORS policy: Response to preflight request doesn't pass access control check: No 'Access-Control-Allow-Origin' header is present on the requested resource.", source: https://www.tiktok.com/tiktokstudio/upload (0)
[0918/234435.591:INFO:CONSOLE:0] "Access to XMLHttpRequest at 'https://mon.tiktokv.com/monitor_browser/collect/batch/?biz_id=tiktok_creator' from origin 'https://www.tiktok.com' has been blocked by CORS policy: Response to preflight request doesn't pass access control check: No 'Access-Control-Allow-Origin' header is present on the requested resource.", source: https://www.tiktok.com/tiktokstudio/upload (0)
[0918/234437.065:INFO:CONSOLE:2] "file_1789764272845_612888 is not exit in object tasks", source: https://sf16-website-login.neutral.ttwstatic.com/obj/tiktok_web_login_static/ies/creator_center/static/js/4954.fa0d3cb8.js (2)
[0918/234437.790:INFO:CONSOLE:1] "[performance] an error occurred when calling measure(save_edit_cover~save_edit_cover_finish,save_edit_cover,save_edit_cover_finish) [object DOMException]", source: https://sf16-website-login.neutral.ttwstatic.com/obj/tiktok_web_login_static/ies/creator_center/static/js/async/__federation_expose_routes.6df4b1f5.js (1)
[0918/234437.794:INFO:CONSOLE:2] "file_1789764272125_313135 is not exit in object tasks", source: https://sf16-website-login.neutral.ttwstatic.com/obj/tiktok_web_login_static/ies/creator_center/static/js/4954.fa0d3cb8.js (2)
[0918/234439.005:INFO:CONSOLE:0] "Access to fetch at 'https://mon.tiktokv.com/monitor_browser/collect/batch/?bid=tiktok_pns_web_runtime' from origin 'https://www.tiktok.com' has been blocked by CORS policy: Response to preflight request doesn't pass access control check: No 'Access-Control-Allow-Origin' header is present on the requested resource.", source: https://www.tiktok.com/tiktokstudio/upload (0)
[0918/234439.286:INFO:CONSOLE:0] "Access to XMLHttpRequest at 'https://mon.tiktokv.com/monitor_browser/collect/batch/?biz_id=tiktok_creator' from origin 'https://www.tiktok.com' has been blocked by CORS policy: Response to preflight request doesn't pass access control check: No 'Access-Control-Allow-Origin' header is present on the requested resource.", source: https://www.tiktok.com/tiktokstudio/upload (0)
[0918/234439.292:INFO:CONSOLE:0] "Access to XMLHttpRequest at 'https://mon.tiktokv.com/monitor_browser/collect/batch/?biz_id=tiktok_creator_center' from origin 'https://www.tiktok.com' has been blocked by CORS policy: Response to preflight request doesn't pass access control check: No 'Access-Control-Allow-Origin' header is present on the requested resource.", source: https://www.tiktok.com/tiktokstudio/upload (0)
[0918/234442.029:INFO:CONSOLE:0] "Access to XMLHttpRequest at 'https://mon.tiktokv.com/monitor_browser/collect/batch/?biz_id=tiktok_creator_center' from origin 'https://www.tiktok.com' has been blocked by CORS policy: Response to preflight request doesn't pass access control check: No 'Access-Control-Allow-Origin' header is present on the requested resource.", source: https://www.tiktok.com/tiktokstudio/upload (0)
[0918/234443.286:INFO:CONSOLE:0] "Access to XMLHttpRequest at 'https://mon.tiktokv.com/monitor_browser/collect/batch/?biz_id=tiktok_creator' from origin 'https://www.tiktok.com' has been blocked by CORS policy: Response to preflight request doesn't pass access control check: No 'Access-Control-Allow-Origin' header is present on the requested resource.", source: https://www.tiktok.com/tiktokstudio/upload (0)
[0918/234447.497:INFO:CONSOLE:0] "Access to XMLHttpRequest at 'https://mon.tiktokv.com/monitor_browser/collect/batch/?biz_id=tiktok_creator_center' from origin 'https://www.tiktok.com' has been blocked by CORS policy: Response to preflight request doesn't pass access control check: No 'Access-Control-Allow-Origin' header is present on the requested resource.", source: https://www.tiktok.com/tiktokstudio/upload (0)
[0918/234447.505:INFO:CONSOLE:0] "Access to XMLHttpRequest at 'https://mon.tiktokv.com/monitor_browser/collect/batch/?biz_id=tiktok_creator' from origin 'https://www.tiktok.com' has been blocked by CORS policy: Response to preflight request doesn't pass access control check: No 'Access-Control-Allow-Origin' header is present on the requested resource.", source: https://www.tiktok.com/tiktokstudio/upload (0)
[0918/234448.838:INFO:CONSOLE:0] "Access to XMLHttpRequest at 'https://mon.tiktokv.com/monitor_browser/collect/batch/?biz_id=tiktok_creator' from origin 'https://www.tiktok.com' has been blocked by CORS policy: Response to preflight request doesn't pass access control check: No 'Access-Control-Allow-Origin' header is present on the requested resource.", source: https://www.tiktok.com/tiktokstudio/upload (0)
[0918/234448.845:INFO:CONSOLE:0] "Access to XMLHttpRequest at 'https://mon.tiktokv.com/monitor_browser/collect/batch/?biz_id=tiktok_creator_center' from origin 'https://www.tiktok.com' has been blocked by CORS policy: Response to preflight request doesn't pass access control check: No 'Access-Control-Allow-Origin' header is present on the requested resource.", source: https://www.tiktok.com/tiktokstudio/upload (0)
[0918/234450.196:INFO:CONSOLE:0] "Access to XMLHttpRequest at 'https://mon.tiktokv.com/monitor_browser/collect/batch/?biz_id=tiktok_creator' from origin 'https://www.tiktok.com' has been blocked by CORS policy: Response to preflight request doesn't pass access control check: No 'Access-Control-Allow-Origin' header is present on the requested resource.", source: https://www.tiktok.com/tiktokstudio/upload (0)
[0918/234450.203:INFO:CONSOLE:0] "Access to XMLHttpRequest at 'https://mon.tiktokv.com/monitor_browser/collect/batch/?biz_id=tiktok_creator_center' from origin 'https://www.tiktok.com' has been blocked by CORS policy: Response to preflight request doesn't pass access control check: No 'Access-Control-Allow-Origin' header is present on the requested resource.", source: https://www.tiktok.com/tiktokstudio/upload (0)
[0918/234453.711:INFO:CONSOLE:0] "Access to XMLHttpRequest at 'https://mon.tiktokv.com/monitor_browser/collect/batch/?biz_id=tiktok_creator' from origin 'https://www.tiktok.com' has been blocked by CORS policy: Response to preflight request doesn't pass access control check: No 'Access-Control-Allow-Origin' header is present on the requested resource.", source: https://www.tiktok.com/tiktokstudio/upload (0)
[0918/234453.736:INFO:CONSOLE:0] "Access to XMLHttpRequest at 'https://mon.tiktokv.com/monitor_browser/collect/batch/?biz_id=tiktok_creator_center' from origin 'https://www.tiktok.com' has been blocked by CORS policy: Response to preflight request doesn't pass access control check: No 'Access-Control-Allow-Origin' header is present on the requested resource.", source: https://www.tiktok.com/tiktokstudio/upload (0)
[0918/234455.987:INFO:CONSOLE:0] "Access to XMLHttpRequest at 'https://mon.tiktokv.com/monitor_browser/collect/batch/?biz_id=tiktok_creator' from origin 'https://www.tiktok.com' has been blocked by CORS policy: Response to preflight request doesn't pass access control check: No 'Access-Control-Allow-Origin' header is present on the requested resource.", source: https://www.tiktok.com/tiktokstudio/upload (0)
[0918/234455.996:INFO:CONSOLE:0] "Access to XMLHttpRequest at 'https://mon.tiktokv.com/monitor_browser/collect/batch/?biz_id=tiktok_creator_center' from origin 'https://www.tiktok.com' has been blocked by CORS policy: Response to preflight request doesn't pass access control check: No 'Access-Control-Allow-Origin' header is present on the requested resource.", source: https://www.tiktok.com/tiktokstudio/upload (0)
[0918/234459.000:INFO:CONSOLE:0] "The resource https://sf16-website-login.neutral.ttwstatic.com/obj/tiktok_web_login_static/ies/creator_center/static/js/async/Upload.925a07c2.js was preloaded using link preload but not used within a few seconds from the window's load event. Please make sure it has an appropriate `as` value and it is preloaded intentionally.", source: https://www.tiktok.com/tiktokstudio/upload (0)
[0918/234459.000:INFO:CONSOLE:0] "The resource https://sf16-website-login.neutral.ttwstatic.com/obj/tiktok_web_login_static/ies/creator_center/static/js/9826.c822c06c.js was preloaded using link preload but not used within a few seconds from the window's load event. Please make sure it has an appropriate `as` value and it is preloaded intentionally.", source: https://www.tiktok.com/tiktokstudio/upload (0)
[0918/234502.108:INFO:CONSOLE:0] "Access to XMLHttpRequest at 'https://mon.tiktokv.com/monitor_browser/collect/batch/?biz_id=tiktok_creator' from origin 'https://www.tiktok.com' has been blocked by CORS policy: Response to preflight request doesn't pass access control check: No 'Access-Control-Allow-Origin' header is present on the requested resource.", source: https://www.tiktok.com/tiktokstudio/upload (0)
[0918/234502.108:INFO:CONSOLE:0] "Access to XMLHttpRequest at 'https://mon.tiktokv.com/monitor_browser/collect/batch/?biz_id=tiktok_creator_center' from origin 'https://www.tiktok.com' has been blocked by CORS policy: Response to preflight request doesn't pass access control check: No 'Access-Control-Allow-Origin' header is present on the requested resource.", source: https://www.tiktok.com/tiktokstudio/upload (0)
[0918/234506.346:INFO:CONSOLE:0] "Access to XMLHttpRequest at 'https://mon.tiktokv.com/monitor_browser/collect/batch/?biz_id=tiktok_creator' from origin 'https://www.tiktok.com' has been blocked by CORS policy: Response to preflight request doesn't pass access control check: No 'Access-Control-Allow-Origin' header is present on the requested resource.", source: https://www.tiktok.com/tiktokstudio/upload (0)
[0918/234506.675:INFO:CONSOLE:0] "Access to XMLHttpRequest at 'https://mon.tiktokv.com/monitor_browser/collect/batch/?biz_id=tiktok_creator_center' from origin 'https://www.tiktok.com' has been blocked by CORS policy: Response to preflight request doesn't pass access control check: No 'Access-Control-Allow-Origin' header is present on the requested resource.", source: https://www.tiktok.com/tiktokstudio/upload (0)
[0918/234508.050:INFO:CONSOLE:0] "Access to XMLHttpRequest at 'https://mon.tiktokv.com/monitor_browser/collect/batch/?biz_id=tiktok_creator' from origin 'https://www.tiktok.com' has been blocked by CORS policy: Response to preflight request doesn't pass access control check: No 'Access-Control-Allow-Origin' header is present on the requested resource.", source: https://www.tiktok.com/tiktokstudio/upload (0)
[0918/234508.057:INFO:CONSOLE:0] "Access to XMLHttpRequest at 'https://mon.tiktokv.com/monitor_browser/collect/batch/?biz_id=tiktok_creator_center' from origin 'https://www.tiktok.com' has been blocked by CORS policy: Response to preflight request doesn't pass access control check: No 'Access-Control-Allow-Origin' header is present on the requested resource.", source: https://www.tiktok.com/tiktokstudio/upload (0)
[0918/234509.162:INFO:CONSOLE:0] "Access to XMLHttpRequest at 'https://mon.tiktokv.com/monitor_browser/collect/batch/?biz_id=tiktok_creator_center' from origin 'https://www.tiktok.com' has been blocked by CORS policy: Response to preflight request doesn't pass access control check: No 'Access-Control-Allow-Origin' header is present on the requested resource.", source: https://www.tiktok.com/tiktokstudio/upload (0)
[0918/234509.511:INFO:CONSOLE:0] "Access to XMLHttpRequest at 'https://mon.tiktokv.com/monitor_browser/collect/batch/?biz_id=tiktok_creator' from origin 'https://www.tiktok.com' has been blocked by CORS policy: Response to preflight request doesn't pass access control check: No 'Access-Control-Allow-Origin' header is present on the requested resource.", source: https://www.tiktok.com/tiktokstudio/upload (0)
[0918/234510.422:INFO:CONSOLE:0] "Access to XMLHttpRequest at 'https://mon.tiktokv.com/monitor_browser/collect/batch/?biz_id=tiktok_creator_center' from origin 'https://www.tiktok.com' has been blocked by CORS policy: Response to preflight request doesn't pass access control check: No 'Access-Control-Allow-Origin' header is present on the requested resource.", source: https://www.tiktok.com/tiktokstudio/upload (0)
[0918/234510.422:INFO:CONSOLE:0] "Access to XMLHttpRequest at 'https://mon.tiktokv.com/monitor_browser/collect/batch/?biz_id=tiktok_creator' from origin 'https://www.tiktok.com' has been blocked by CORS policy: Response to preflight request doesn't pass access control check: No 'Access-Control-Allow-Origin' header is present on the requested resource.", source: https://www.tiktok.com/tiktokstudio/upload (0)
[0918/234513.523:INFO:CONSOLE:0] "The resource https://sf16-website-login.neutral.ttwstatic.com/obj/tiktok_web_login_static/ies/creator_center/static/js/async/Upload.925a07c2.js was preloaded using link preload but not used within a few seconds from the window's load event. Please make sure it has an appropriate `as` value and it is preloaded intentionally.", source: https://www.tiktok.com/tiktokstudio/upload (0)
[0918/234513.525:INFO:CONSOLE:0] "The resource https://sf16-website-login.neutral.ttwstatic.com/obj/tiktok_web_login_static/ies/creator_center/static/js/9826.c822c06c.js was preloaded using link preload but not used within a few seconds from the window's load event. Please make sure it has an appropriate `as` value and it is preloaded intentionally.", source: https://www.tiktok.com/tiktokstudio/upload (0)
[0918/234521.642:INFO:CONSOLE:0] "Access to XMLHttpRequest at 'https://mon.tiktokv.com/monitor_browser/collect/batch/?biz_id=tiktok_creator_center' from origin 'https://www.tiktok.com' has been blocked by CORS policy: Response to preflight request doesn't pass access control check: No 'Access-Control-Allow-Origin' header is present on the requested resource.", source: https://www.tiktok.com/tiktokstudio/upload (0)
[0918/234522.295:INFO:CONSOLE:0] "Access to XMLHttpRequest at 'https://mon.tiktokv.com/monitor_browser/collect/batch/?biz_id=tiktok_creator' from origin 'https://www.tiktok.com' has been blocked by CORS policy: Response to preflight request doesn't pass access control check: No 'Access-Control-Allow-Origin' header is present on the requested resource.", source: https://www.tiktok.com/tiktokstudio/upload (0)
[0918/234523.357:INFO:CONSOLE:0] "Access to XMLHttpRequest at 'https://mon.tiktokv.com/monitor_browser/collect/batch/?biz_id=tiktok_creator_center' from origin 'https://www.tiktok.com' has been blocked by CORS policy: Response to preflight request doesn't pass access control check: No 'Access-Control-Allow-Origin' header is present on the requested resource.", source: https://www.tiktok.com/tiktokstudio/upload (0)
[0918/234523.357:INFO:CONSOLE:0] "Access to XMLHttpRequest at 'https://mon.tiktokv.com/monitor_browser/collect/batch/?biz_id=tiktok_creator' from origin 'https://www.tiktok.com' has been blocked by CORS policy: Response to preflight request doesn't pass access control check: No 'Access-Control-Allow-Origin' header is present on the requested resource.", source: https://www.tiktok.com/tiktokstudio/upload (0)
[0918/234525.752:INFO:CONSOLE:0] "Access to XMLHttpRequest at 'https://mon.tiktokv.com/monitor_browser/collect/batch/?biz_id=tiktok_creator_center' from origin 'https://www.tiktok.com' has been blocked by CORS policy: Response to preflight request doesn't pass access control check: No 'Access-Control-Allow-Origin' header is present on the requested resource.", source: https://www.tiktok.com/tiktokstudio/upload (0)
[0918/234525.752:INFO:CONSOLE:0] "Access to XMLHttpRequest at 'https://mon.tiktokv.com/monitor_browser/collect/batch/?biz_id=tiktok_creator' from origin 'https://www.tiktok.com' has been blocked by CORS policy: Response to preflight request doesn't pass access control check: No 'Access-Control-Allow-Origin' header is present on the requested resource.", source: https://www.tiktok.com/tiktokstudio/upload (0)
[0918/234526.102:INFO:CONSOLE:1] "complete [object Object]", source: https://sf16-website-login.neutral.ttwstatic.com/obj/tiktok_web_login_static/ies/creator_center/static/js/async/7996.06a5c950.js (1)
[0918/234527.464:INFO:CONSOLE:1] "The output of stringifiedVEDraft is  ", source: https://sf16-website-login.neutral.ttwstatic.com/obj/tiktok_web_login_static/ies/creator_center/static/js/async/Form.6dae7a79.js (1)
[0918/234527.467:INFO:CONSOLE:1] "🦺🦺🦺🦺🦺 postProject formParams:  [object Object]", source: https://sf16-website-login.neutral.ttwstatic.com/obj/tiktok_web_login_static/ies/creator_center/static/js/async/Form.6dae7a79.js (1)
[0918/234527.643:INFO:CONSOLE:0] "Access to XMLHttpRequest at 'https://mon.tiktokv.com/monitor_browser/collect/batch/?biz_id=tiktok_creator' from origin 'https://www.tiktok.com' has been blocked by CORS policy: Response to preflight request doesn't pass access control check: No 'Access-Control-Allow-Origin' header is present on the requested resource.", source: https://www.tiktok.com/tiktokstudio/upload (0)
[0918/234527.876:INFO:CONSOLE:0] "Access to XMLHttpRequest at 'https://mon.tiktokv.com/monitor_browser/collect/batch/?biz_id=tiktok_creator_center' from origin 'https://www.tiktok.com' has been blocked by CORS policy: Response to preflight request doesn't pass access control check: No 'Access-Control-Allow-Origin' header is present on the requested resource.", source: https://www.tiktok.com/tiktokstudio/upload (0)
[0918/234529.302:INFO:CONSOLE:1] "pageCrash form unmount", source: https://sf16-website-login.neutral.ttwstatic.com/obj/tiktok_web_login_static/ies/creator_center/static/js/async/Form.6dae7a79.js (1)
[0918/234529.449:INFO:CONSOLE:2] "[ttastra-runtime][warning]: importing getVGeo from '@ttastra/core/runtime' is deprecated, please update import path to '@ttastra/core/regions'. for example: import { getVGeo } from '@ttastra/core/runtime/regions';
", source: https://sf16-website-login.neutral.ttwstatic.com/obj/tiktok_web_login_static/ies/creator-center-web/static/js/1792.d7c555a9.js (2)
[0918/234529.478:INFO:CONSOLE:2] "ttap_vmok_load @pgc-web/micro-fe/BrowserMode [object Object] [object Object]", source: https://sf16-website-login.neutral.ttwstatic.com/obj/tiktok_web_login_static/ies/creator-center-web/static/js/1792.d7c555a9.js (2)
[0918/234529.564:INFO:CONSOLE:0] "Access to XMLHttpRequest at 'https://mon.tiktokv.com/monitor_browser/collect/batch/?biz_id=tiktok_creator' from origin 'https://www.tiktok.com' has been blocked by CORS policy: Response to preflight request doesn't pass access control check: No 'Access-Control-Allow-Origin' header is present on the requested resource.", source: https://www.tiktok.com/tiktokstudio/content (0)
[0918/234529.588:INFO:CONSOLE:0] "Access to XMLHttpRequest at 'https://mon.tiktokv.com/monitor_browser/collect/batch/?biz_id=tiktok_creator_center' from origin 'https://www.tiktok.com' has been blocked by CORS policy: Response to preflight request doesn't pass access control check: No 'Access-Control-Allow-Origin' header is present on the requested resource.", source: https://www.tiktok.com/tiktokstudio/content (0)
[0918/234529.684:INFO:CONSOLE:0] "Access to XMLHttpRequest at 'https://mon.tiktokv.com/monitor_browser/collect/batch/?biz_id=ucenter_tiktok_zti_sdk' from origin 'https://www.tiktok.com' has been blocked by CORS policy: Response to preflight request doesn't pass access control check: No 'Access-Control-Allow-Origin' header is present on the requested resource.", source: https://www.tiktok.com/tiktokstudio/content (0)
[0918/234530.062:INFO:CONSOLE:0] "Access to XMLHttpRequest at 'https://mon.tiktokv.com/monitor_browser/collect/batch/?biz_id=tiktok_creator_center' from origin 'https://www.tiktok.com' has been blocked by CORS policy: Response to preflight request doesn't pass access control check: No 'Access-Control-Allow-Origin' header is present on the requested resource.", source: https://www.tiktok.com/tiktokstudio/content (0)
[0918/234530.229:INFO:CONSOLE:0] "Access to XMLHttpRequest at 'https://mon-va.byteoversea.com/monitor_browser/collect/batch/?biz_id=webmssdk' from origin 'https://www.tiktok.com' has been blocked by CORS policy: Response to preflight request doesn't pass access control check: No 'Access-Control-Allow-Origin' header is present on the requested resource.", source: https://www.tiktok.com/tiktokstudio/content (0)
[0918/234530.262:INFO:CONSOLE:0] "Access to XMLHttpRequest at 'https://mon.tiktokv.com/monitor_browser/collect/batch/?biz_id=webmssdk' from origin 'https://www.tiktok.com' has been blocked by CORS policy: Response to preflight request doesn't pass access control check: No 'Access-Control-Allow-Origin' header is present on the requested resource.", source: https://www.tiktok.com/tiktokstudio/content (0)
[0918/234531.133:INFO:CONSOLE:0] "Access to XMLHttpRequest at 'https://mon.tiktokv.com/monitor_browser/collect/batch/?biz_id=tiktok_creator' from origin 'https://www.tiktok.com' has been blocked by CORS policy: Response to preflight request doesn't pass access control check: No 'Access-Control-Allow-Origin' header is present on the requested resource.", source: https://www.tiktok.com/tiktokstudio/content (0)
[0918/234531.739:INFO:CONSOLE:0] "Access to XMLHttpRequest at 'https://mon.tiktokv.com/monitor_browser/collect/batch/?biz_id=tiktok_creator_center' from origin 'https://www.tiktok.com' has been blocked by CORS policy: Response to preflight request doesn't pass access control check: No 'Access-Control-Allow-Origin' header is present on the requested resource.", source: https://www.tiktok.com/tiktokstudio/content (0)
[0918/234532.128:INFO:CONSOLE:0] "Access to XMLHttpRequest at 'https://mon.tiktokv.com/monitor_browser/collect/batch/?biz_id=tiktok_creator_center' from origin 'https://www.tiktok.com' has been blocked by CORS policy: Response to preflight request doesn't pass access control check: No 'Access-Control-Allow-Origin' header is present on the requested resource.", source: https://www.tiktok.com/tiktokstudio/content (0)
[0918/234535.140:INFO:CONSOLE:0] "The resource https://sf16-website-login.neutral.ttwstatic.com/obj/tiktok_web_login_static/ies/creator_center/static/js/async/Upload.925a07c2.js was preloaded using link preload but not used within a few seconds from the window's load event. Please make sure it has an appropriate `as` value and it is preloaded intentionally.", source: https://www.tiktok.com/tiktokstudio/content (0)
[0918/234535.140:INFO:CONSOLE:0] "The resource https://sf16-website-login.neutral.ttwstatic.com/obj/tiktok_web_login_static/ies/creator_center/static/js/9826.c822c06c.js was preloaded using link preload but not used within a few seconds from the window's load event. Please make sure it has an appropriate `as` value and it is preloaded intentionally.", source: https://www.tiktok.com/tiktokstudio/content (0)
